12;18;Abradebarras;;09/02/2022;https://docs.google.com/document/d/1Su5mLDgQ2baBGEv7UCw1hr9u02OORH2VMz3yshnGvwE/edit?usp=sharing;https://datastudio.google.com/reporting/76e167c8-93f5-48be-b775-baf6296b5c71;;;;
13;21;AgoraJeux;;09/02/2022;https://docs.google.com/document/d/1_RH8QWeFGBImPuTFckvP4R_QYdXYLQZ44tZFrEaxeEk/edit;https://datastudio.google.com/reporting/caa63b7a-46a1-4a2f-815d-cb74074e8cf8;;;;
14;18;Airlitec;;09/02/2022;https://docs.google.com/document/d/1JxEE8vyfJeQjn7CESp916aexPH62A2xTaUuteo1Da5Q/edit?usp=sharing;https://datastudio.google.com/reporting/7b26c123-29d0-4da7-8243-3334d074576a;;;;
15;20;ANTIBES BOAT ET YACHT SERVICES (Abys Yachting);;09/02/2022;https://docs.google.com/document/d/1IBc4K2BemIAzDGHaqIUsxxqx7Wytrb9oxsErC_5va-s/edit;https://datastudio.google.com/reporting/cb9f40d5-5eac-4cb7-a04c-fa4d4f0a934d;https://lookerstudio.google.com/reporting/a7d6d072-e6e4-407e-8122-19402b376aec;;;
16;21;ARENAS-LIOTARD (tifpetsforever.com);tifpetsforever.com;09/02/2022;https://docs.google.com/document/d/1QRatghgAefd4yTm-IvP_VaIUV2f0tsu0n9vFmcCE2qM/edit?usp=sharing;https://lookerstudio.google.com/reporting/62caccc5-da93-408a-ada8-e476ef04dac8;;;;
17;21;ARTEM NANTES;;09/02/2022;https://docs.google.com/document/d/1A2clnGn_rGYqPQGy5f2c-aHWLxxYNj8HV2ltlyuDG88/edit?usp=sharing;https://datastudio.google.com/reporting/e482dbaa-361d-4541-b841-a535987f6b3c;;;;
18;20;Asta (asta-encheres.com);asta-encheres.com;09/02/2022;https://docs.google.com/document/d/1yhCOhJmoY5JS5-ml_RqIHHILlvjZuOW9NvQc9rz-Rqs/edit?usp=sharing;https://datastudio.google.com/reporting/26965f8f-8a38-4573-ac8d-f1ecf327a920;;;;
19;21;ATELIER WM;;09/02/2022;https://docs.google.com/document/d/18XPzsrkZWoAuCRozTnBMnomwdSZgT4u7ppuW5eda5Gs/edit;https://datastudio.google.com/reporting/c200b86f-1082-4214-b712-91a04f9760e2;;;;
20;20;ATELIERS BY THE WAY;;09/02/2022;https://docs.google.com/document/d/19N7ajF0OavkTogrVpdtGm10P2HVz66tZyZMtU2sPZGI/edit;https://datastudio.google.com/reporting/5eecd307-269e-436d-b079-74f49e695f4e;;;;
21;17;Avner Doukhan Avocat;;09/02/2022;https://docs.google.com/document/d/1yryLVgsTUZDFLygRTgovpNqrjmJ4kQaAVsBs6R3QbS4/edit;https://lookerstudio.google.com/reporting/a8b163e1-375f-4ed1-a0f4-eedda740132c;;;;
22;18;Bellanopolis (e-studios-paris.com);e-studios-paris.com;09/02/2022;https://docs.google.com/document/d/1FZrQ4Cif3JUGYAy7_VZ58TXIRBECFZ4hFOvCiQINl2M/edit?usp=sharing;https://datastudio.google.com/reporting/636b18ca-b077-49ad-87e8-f872e53200e0;;;;
23;18;Bernard Gravure Industrielle (groupbgi.com);groupbgi.com;09/02/2022;https://docs.google.com/document/d/1jUhvyvI4Rt9WbQPQayyJ8IJf7YjjbFTEpy7JuQM0fa4/edit?usp=sharing;https://lookerstudio.google.com/reporting/73d58e7b-68e3-4bc3-a9a9-766b94352877/page/p_qeeiqzjsrc;;;;
24;18;Bernard Ressorts (brprecision.fr);brprecision.fr;09/02/2022;https://docs.google.com/document/d/1iybgENp9BptoVkev7dXvDbkt9yBVNK_1_TBbD02BPz4/edit;https://lookerstudio.google.com/reporting/1fbad783-8544-4f76-a9e0-523cf26640a6;;;;
25;20;BERTRAND BARDET (fonddelanoye.fr);fonddelanoye.fr;09/02/2022;https://docs.google.com/document/d/1xVzbrOGY6S3qiDMOFPQktXzFoCJxDQGYjCREZMkgkiA/edit;https://datastudio.google.com/reporting/0b65a48b-9842-42e2-89fa-839509c08340;;;;
26;21;Bois D’Ollainville;;09/02/2022;https://docs.google.com/document/d/1zTtuAb-QmG9sN3X_17QSprlJvqW0LZjSnWORFiHca50/edit;https://lookerstudio.google.com/reporting/9d78ccaa-d9b4-49d1-af86-8738b6b1c290;;;;
27;21;Cabinet Morin & Associé;;09/02/2022;https://docs.google.com/document/d/1c3Fz1oTaLSz_WptVpybNZ-a7jRbnf2TzWt69Q1bOo48/edit?usp=sharing;https://datastudio.google.com/reporting/a0ddc6ee-ce43-4be8-a038-cf135334e60d;;;;
28;21;CBP CE;;09/02/2022;https://docs.google.com/document/d/1cBZAWPjNZ2JmJ4HPb-MOXj_mV_CASIwXyTkr8jJSVx0/edit;https://datastudio.google.com/reporting/ab5b2c6c-bd9a-49f9-90c9-b91f065fcd64;;;;
29;21;CBP Social Consult (vistaviepro.fr);vistaviepro.fr;09/02/2022;https://docs.google.com/document/d/1U9b23wkR5sdsNU5ZerGWxTyfyFO33q_bmtXP6h5E8MI/edit;https://datastudio.google.com/reporting/0e806b22-6fa9-4c23-ac71-2fd01ec7bec0;;;;
30;21;CHEVRU BOIS;;09/02/2022;https://docs.google.com/document/d/15yAw9fiRWuARCvg-MJDORrwTk8R_au4CPR2ie6f8YVU/edit?usp=sharing;https://datastudio.google.com/reporting/4e8905ce-0e17-481a-a545-3d59ba59c51e;;;;
31;18;D3 Sécurité (destruction-de-documents-confidentiels.fr);destruction-de-documents-confidentiels.fr;09/02/2022;https://docs.google.com/document/d/1H9XrjVB42nALCqsOLH983aROFhylXVgXxNDnT2CG6Vo/edit?usp=sharing;https://datastudio.google.com/reporting/7e63d7a9-a829-4b74-b3d7-26d87dbcdfcc;https://lookerstudio.google.com/reporting/c2fc7a5b-1b71-4860-8c66-df8ef681cc52;;;
32;17;DZ Avocats Expulsions;;09/02/2022;https://docs.google.com/document/d/1ibLSkH8oe0NXNacCsSbNeVa0X5kG7KBnBUHJgVxirik/edit?usp=sharing;https://docs.google.com/document/d/1ibLSkH8oe0NXNacCsSbNeVa0X5kG7KBnBUHJgVxirik/edit?usp=sharing;;;;
33;18;E-thik (e-thik.com);e-thik.com;09/02/2022;https://docs.google.com/document/d/1AuaNcACVwEwYu7b7VCh98fsWIO-Tqqw4-n1PGoY6gMI/edit?usp=sharing;https://docs.google.com/document/d/1AuaNcACVwEwYu7b7VCh98fsWIO-Tqqw4-n1PGoY6gMI/edit?usp=sharing;;;https://lookerstudio.google.com/reporting/5241bbdd-64ce-4c01-a788-e8a5a6f2f789;
34;18;EASY CODE (ecoleduvtc.fr);ecoleduvtc.fr;09/02/2022;https://docs.google.com/document/d/1Z7bJyo1lHdJnnuE6kePy4oxlg85lJFiHnIm_s_ou1xA/edit?usp=sharing;https://docs.google.com/document/d/1Z7bJyo1lHdJnnuE6kePy4oxlg85lJFiHnIm_s_ou1xA/edit?usp=sharing;;;;
35;18;Egis Voltere (voltere-consulting.com);voltere-consulting.com;09/02/2022;https://docs.google.com/document/d/1dbvGBCNC9MqHP0kV92rJdVae1Ev63OWa7CZwGQH1N24/edit;https://docs.google.com/document/d/1dbvGBCNC9MqHP0kV92rJdVae1Ev63OWa7CZwGQH1N24/edit;;;;
36;18;FIN PALLET;;09/02/2022;https://docs.google.com/document/d/1oKdRRzgkE3r6kTCh2cokzdQoj98nf6PoHFHEKE20Bek/edit?usp=sharing;https://docs.google.com/document/d/1oKdRRzgkE3r6kTCh2cokzdQoj98nf6PoHFHEKE20Bek/edit?usp=sharing;;;;
37;18;Flex'HS;;09/02/2022;https://docs.google.com/document/d/1Ej9btxrRIQC0pJu5_TFWQTQm2wVpJYdVIE-jFE6BHSk/edit?usp=sharing;https://docs.google.com/document/d/1Ej9btxrRIQC0pJu5_TFWQTQm2wVpJYdVIE-jFE6BHSk/edit?usp=sharing;;;;
38;21;Galerie Hurtebize Cannes;;09/02/2022;https://docs.google.com/document/d/1eVZLmzxxHaU1bmwl1XRlXNcqXnwqSit7DtdaU93EeBo/edit?usp=sharing;https://docs.google.com/document/d/1eVZLmzxxHaU1bmwl1XRlXNcqXnwqSit7DtdaU93EeBo/edit?usp=sharing;;;;
39;18;Gold Rider;;09/02/2022;https://docs.google.com/document/d/168KL1ma_8b33gyB2ilBrhZZyL_CV7TimdA2LNnh-bIE/edit;https://docs.google.com/document/d/168KL1ma_8b33gyB2ilBrhZZyL_CV7TimdA2LNnh-bIE/edit;;;;
40;20;HANDI TRANS;;09/02/2022;https://docs.google.com/document/d/1Nk5U6fB8DJLnkSSqJR5g3EkcgQET2z38p48pVJM_IGI/edit?usp=sharing;https://docs.google.com/document/d/1Nk5U6fB8DJLnkSSqJR5g3EkcgQET2z38p48pVJM_IGI/edit?usp=sharing;;;;
41;20;Instant Bocal;;09/02/2022;https://docs.google.com/document/d/1dCNiU9-89jsFrt6ujE59Bjv75yTIZnn_vq97zzWmvwc/edit?usp=sharing;https://docs.google.com/document/d/1dCNiU9-89jsFrt6ujE59Bjv75yTIZnn_vq97zzWmvwc/edit?usp=sharing;;;;
42;18;Institut d'Hypnose Thérapeutique;;09/02/2022;https://docs.google.com/document/d/1jekeW2OBoF-6c84hAH02-wYtssXPylpjaqnfpBhJSD8/edit?usp=sharing;https://docs.google.com/document/d/1jekeW2OBoF-6c84hAH02-wYtssXPylpjaqnfpBhJSD8/edit?usp=sharing;;;;
43;18;KCD FLAM;;10/02/2022;https://docs.google.com/document/d/1CO4ywSfJnteY3NC6QIiNACnVQd055uuZ6BHhZvE3O6g/edit?usp=sharing;https://docs.google.com/document/d/1CO4ywSfJnteY3NC6QIiNACnVQd055uuZ6BHhZvE3O6g/edit?usp=sharing;;;;
44;21;La 13eme porte;;10/02/2022;https://docs.google.com/document/d/1v2GJ0xXAEd-3B2VX_uPHb-NJgM_5TajNilZ1BD6UN4s/edit?usp=sharing;https://docs.google.com/document/d/1v2GJ0xXAEd-3B2VX_uPHb-NJgM_5TajNilZ1BD6UN4s/edit?usp=sharing;;;;
45;21;Les Chalets de la Trinité;;10/02/2022;https://docs.google.com/document/d/1o4YU2CGg0zG7FMP23amk2ddwFZVTpvizAp2Mm_Dyu3Y/edit?usp=sharing;https://docs.google.com/document/d/1o4YU2CGg0zG7FMP23amk2ddwFZVTpvizAp2Mm_Dyu3Y/edit?usp=sharing;;;;
46;18;Location Réservation Gites De France Ardèche;;10/02/2022;https://docs.google.com/document/d/1hZ_uNciNXbeG7j30miIR2S8XDu2NRE-lxAlTQofC49g/edit?usp=sharing;https://docs.google.com/document/d/1hZ_uNciNXbeG7j30miIR2S8XDu2NRE-lxAlTQofC49g/edit?usp=sharing;https://lookerstudio.google.com/reporting/880edd98-c240-4b37-84be-4f63c7914f98;;;
47;21;Mankind EURL (mankind-vr.com);mankind-vr.com;10/02/2022;https://docs.google.com/document/d/1ZmG83LUWF8xVHJBzl0BKppsTgKMLI99cW8xk03JKZ3Q/edit;https://docs.google.com/document/d/1ZmG83LUWF8xVHJBzl0BKppsTgKMLI99cW8xk03JKZ3Q/edit;https://lookerstudio.google.com/reporting/234f56e8-de94-4c6b-8df9-3ed694dbed70;;;
48;21;MINI CLEBS;;10/02/2022;https://docs.google.com/document/d/13zA3QBXV6CqAQPQwnQcZM8v84LhTsPQb5QQRu5x2ugM/edit?usp=sharing;https://docs.google.com/document/d/13zA3QBXV6CqAQPQwnQcZM8v84LhTsPQb5QQRu5x2ugM/edit?usp=sharing;;;;
49;18;Neogies;;10/02/2022;https://docs.google.com/document/d/11QkJIvgq8GmzOdkSqoQcVX6JdJNAXbOG2l7j-SesMuk/edit?usp=sharing;https://docs.google.com/document/d/11QkJIvgq8GmzOdkSqoQcVX6JdJNAXbOG2l7j-SesMuk/edit?usp=sharing;;;;
50;18;Ouest Lyonnais Climatisation Plomberie;;10/02/2022;https://docs.google.com/document/d/1oSDZuqdlrFrOz_pUUEFcUETP5Iq6LRp-f2T0EpUKPmE/edit?usp=sharing;https://docs.google.com/document/d/1oSDZuqdlrFrOz_pUUEFcUETP5Iq6LRp-f2T0EpUKPmE/edit?usp=sharing;;;;
51;21;Pallier (terreetfeuenergie.fr);terreetfeuenergie.fr;10/02/2022;https://docs.google.com/document/d/1XHFXehbc43xnmvrMnPfH1T7vEqhM71NwUyJpXMXUMWo/edit?usp=sharing;https://docs.google.com/document/d/1XHFXehbc43xnmvrMnPfH1T7vEqhM71NwUyJpXMXUMWo/edit?usp=sharing;;;;
52;21;PREMIER PLAN;;10/02/2022;https://docs.google.com/document/d/1uWFpzvRJ6jGmDyN0VvLeUv92SrzNONMP1L6jSa2w4W8/edit?usp=sharing;https://docs.google.com/document/d/1uWFpzvRJ6jGmDyN0VvLeUv92SrzNONMP1L6jSa2w4W8/edit?usp=sharing;;;;
53;18;Présence France (agence-presence.fr);agence-presence.fr;10/02/2022;https://docs.google.com/document/d/1O1IO9QGjY0NKpTRf95D56LG8Mw4mPpLJuJmuJIHqBKo/edit;https://docs.google.com/document/d/1O1IO9QGjY0NKpTRf95D56LG8Mw4mPpLJuJmuJIHqBKo/edit;;;https://lookerstudio.google.com/reporting/11672256-4962-49aa-afa6-139d537da488;
54;18;Prevact;;10/02/2022;https://docs.google.com/document/d/1LFJ21a002wtzozVgznUe0qYNOpQpxZvH64n2EDEXNW8/edit?usp=sharing;https://docs.google.com/document/d/1LFJ21a002wtzozVgznUe0qYNOpQpxZvH64n2EDEXNW8/edit?usp=sharing;;;;
55;21;QUICK SYSTEMES;;10/02/2022;https://docs.google.com/document/d/1rHuQEIQ06uT-Am6oXq0wXcKcKaBqSrU3zqyK6Rlwqqs/edit?usp=sharing;https://docs.google.com/document/d/1rHuQEIQ06uT-Am6oXq0wXcKcKaBqSrU3zqyK6Rlwqqs/edit?usp=sharing;;;;
56;21;RENAPUR FRANCE;;10/02/2022;https://docs.google.com/document/d/1OWOGm8qbEhEI6G0Pjnk83i4pjyCh--pyFemG1SAGS4A/edit?usp=sharing;https://docs.google.com/document/d/1OWOGm8qbEhEI6G0Pjnk83i4pjyCh--pyFemG1SAGS4A/edit?usp=sharing;;;;
57;21;"SAE FRANCE (terrain-multisport-citystade.com; equipementsportif.fr)";"terrain-multisport-citystade.com; equipementsportif.fr";10/02/2022;https://docs.google.com/document/d/1c5FQRojmLtMDcRy6g0cbZZhqjD2HMQVMCEPPIpIu9Fg/edit?usp=sharing;https://docs.google.com/document/d/1c5FQRojmLtMDcRy6g0cbZZhqjD2HMQVMCEPPIpIu9Fg/edit?usp=sharing;;;;
58;18;SANRIVAL JARDIN;;10/02/2022;https://docs.google.com/document/d/1EYh1wknQDSqlbQePSzU7CnujtqUf6FcE7Pe9Da5SHoU/edit?usp=sharing;https://docs.google.com/document/d/1EYh1wknQDSqlbQePSzU7CnujtqUf6FcE7Pe9Da5SHoU/edit?usp=sharing;;;;
59;18;SARL Jean Michel Dobel;;10/02/2022;https://docs.google.com/document/d/1uEkppDoiZFGHNRjKC6LLa6Vzlh0Zw6fNKenDvk_CNG8/edit;https://docs.google.com/document/d/1uEkppDoiZFGHNRjKC6LLa6Vzlh0Zw6fNKenDvk_CNG8/edit;;;;
60;18;SARL Solution Système Peinture;;10/02/2022;https://docs.google.com/document/d/1cRGsCrE7mDIgvP-xZQVERZ3t36Dnk_u-hrTeZ6W4yrk/edit?usp=sharing;https://docs.google.com/document/d/1cRGsCrE7mDIgvP-xZQVERZ3t36Dnk_u-hrTeZ6W4yrk/edit?usp=sharing;;;;
61;18;SASU M.A.H;;10/02/2022;https://docs.google.com/document/d/1KuYOfgi3lbqxYj3aFHkGSSdwWxhcrx5xZPniQ2qkXw4/edit;https://docs.google.com/document/d/1KuYOfgi3lbqxYj3aFHkGSSdwWxhcrx5xZPniQ2qkXw4/edit;;;;
62;18;Selarl Hingrez - Michel - Bayon;;10/02/2022;https://docs.google.com/document/d/14PnvgrOTzfIHhemaQDueimCp9Co8mslqXd2_FHHjA-E/edit?usp=sharing;https://docs.google.com/document/d/14PnvgrOTzfIHhemaQDueimCp9Co8mslqXd2_FHHjA-E/edit?usp=sharing;;;;
63;18;Serge Magner Traiteur;;10/02/2022;https://docs.google.com/document/d/1RkoQgClp2VGkCLUxfPFAzAMW2EYPRX1fH5q5q1y4cuM/edit?usp=sharing;https://docs.google.com/document/d/1RkoQgClp2VGkCLUxfPFAzAMW2EYPRX1fH5q5q1y4cuM/edit?usp=sharing;;;;
64;18;Skandys;;10/02/2022;https://docs.google.com/document/d/1tRnoHCAHQA8pCat6cLGqbFIwkx69MwklZQV8ECZrH-8/edit?usp=sharing;https://docs.google.com/document/d/1tRnoHCAHQA8pCat6cLGqbFIwkx69MwklZQV8ECZrH-8/edit?usp=sharing;;;;
65;17;STEPHANIE COHEN (sc-avocat.com);sc-avocat.com;10/02/2022;https://docs.google.com/document/d/1WOgKbskQkLJeoqfNvZKO3dlwdgu4OPAKtqaz1mhhMoA/edit;https://docs.google.com/document/d/1WOgKbskQkLJeoqfNvZKO3dlwdgu4OPAKtqaz1mhhMoA/edit;;;;
66;18;Toro Distribution;;10/02/2022;https://docs.google.com/document/d/1070rqrAXJLXJbKwi5e8JkqtH1drdrkqhLhMxD9GFyLQ/edit;https://docs.google.com/document/d/1070rqrAXJLXJbKwi5e8JkqtH1drdrkqhLhMxD9GFyLQ/edit;;;;
67;18;Visual Image (visualimage.fr);visualimage.fr;10/02/2022;https://docs.google.com/document/d/14bjP9Q-sA8CSUgarrYlaYcLFc_CEB3YMDw7TKIIBsWo/edit;https://docs.google.com/document/d/14bjP9Q-sA8CSUgarrYlaYcLFc_CEB3YMDw7TKIIBsWo/edit;;;;
68;17;Zeitoun Avocat;;10/02/2022;https://docs.google.com/document/d/1F4a-JX-qqyfMS7-MrtOopRUPxzChmPwss-sFDCP6Iew/edit?usp=sharing;https://docs.google.com/document/d/1F4a-JX-qqyfMS7-MrtOopRUPxzChmPwss-sFDCP6Iew/edit?usp=sharing;;;;
69;21;Arcadeo;;16/02/2022;https://docs.google.com/document/d/1fRGbfWy1jv39yUMP0l-iFDYJg6JBbxeGNYcUntOg0vU/edit?usp=sharing;https://docs.google.com/document/d/1fRGbfWy1jv39yUMP0l-iFDYJg6JBbxeGNYcUntOg0vU/edit?usp=sharing;;;;
70;21;Transfert Ma VHS;;28/02/2022;https://docs.google.com/document/d/1OYN92o7fu7Kqq1LqDGQl8XvJppxcYnKJprLA6Fp36hA/edit;https://docs.google.com/document/d/1OYN92o7fu7Kqq1LqDGQl8XvJppxcYnKJprLA6Fp36hA/edit;;;;
71;18;BeCad;;03/03/2022;https://docs.google.com/document/d/1-asdBiewsMXowsTkxs96aOXgbqOyHqFJgutFO7dXpzw/edit?usp=sharing;https://docs.google.com/document/d/1-asdBiewsMXowsTkxs96aOXgbqOyHqFJgutFO7dXpzw/edit?usp=sharing;;;;
72;21;Pole Dance Marseille;;03/03/2022;https://docs.google.com/document/d/1BT77dZz8E8F1jN5JDDE5T3zFc0X-CPISYa-1E_CwCpA/edit?usp=sharing;https://docs.google.com/document/d/1BT77dZz8E8F1jN5JDDE5T3zFc0X-CPISYa-1E_CwCpA/edit?usp=sharing;;;;
73;21;CFA Commerce et Services;;11/04/2022;https://docs.google.com/document/d/1H1AsDfP4l5DJorZsVddEWn4lBEPEkGUGhVe0d1OnedQ/edit?usp=sharing;https://docs.google.com/document/d/1H1AsDfP4l5DJorZsVddEWn4lBEPEkGUGhVe0d1OnedQ/edit?usp=sharing;;;;
74;21;Space 2 Scan;;06/05/2022;https://docs.google.com/document/d/17EfLMAacFJ8E2NlXyTsUYI-Ic4iJcmuF_loAaCKHCYo/edit?usp=sharing;https://docs.google.com/document/d/17EfLMAacFJ8E2NlXyTsUYI-Ic4iJcmuF_loAaCKHCYo/edit?usp=sharing;;;;
75;18;Esprit Composite;;08/06/2022;https://docs.google.com/document/d/1PMNMH2LsgRdPG10OlrRFw0yqHIgAf1g0Q1-2nbAUhvg/edit;https://docs.google.com/document/d/1PMNMH2LsgRdPG10OlrRFw0yqHIgAf1g0Q1-2nbAUhvg/edit;;;;
76;18;Ledbleu;;24/06/2022;https://docs.google.com/document/d/17RAVIQ7BZdYZ4w28tzi06dCjbUrO_9eUWXhXja_lNCo/edit?usp=sharing;https://docs.google.com/document/d/17RAVIQ7BZdYZ4w28tzi06dCjbUrO_9eUWXhXja_lNCo/edit?usp=sharing;;;;
77;18;Axxo Forst;;06/07/2022;https://docs.google.com/document/d/1e-jYin4qofTuoqjBdjmuCUqJnPXg0GVbeTqLnGnuy3g/edit?usp=sharing;https://docs.google.com/document/d/1e-jYin4qofTuoqjBdjmuCUqJnPXg0GVbeTqLnGnuy3g/edit?usp=sharing;;;;
78;18;Prevent'Eure;;06/07/2022;https://docs.google.com/document/d/1luV7uiuz0yg3qfJZKa3He3GzM9HiJVNCNmI2Damt5dk/edit;https://docs.google.com/document/d/1luV7uiuz0yg3qfJZKa3He3GzM9HiJVNCNmI2Damt5dk/edit;;;;
79;21;Rapidox;;12/07/2022;https://docs.google.com/document/d/1odJfgNRMZU0uGHde0XBYuYdjjriyqoHIBqH1YyrYdL0/edit?usp=sharing;https://docs.google.com/document/d/1odJfgNRMZU0uGHde0XBYuYdjjriyqoHIBqH1YyrYdL0/edit?usp=sharing;;;;
80;21;LLD Drive France (autokarting.com/mymakedesign.com);autokarting.com/mymakedesign.com;13/07/2022;https://docs.google.com/document/d/1vWS2s8gxae9Nmpgxa5JBahn3JzI0LP3eOUiyK3pxbxg/edit?usp=sharing;https://docs.google.com/document/d/1vWS2s8gxae9Nmpgxa5JBahn3JzI0LP3eOUiyK3pxbxg/edit?usp=sharing;;;;
81;18;Volkano (mongabiondiscount.com);mongabiondiscount.com;15/07/2022;https://docs.google.com/document/d/1bie3xXiRmRiczNnKass4KePf9lU-Zmb2dvo1bwCh3uA/edit?usp=sharing;https://docs.google.com/document/d/1bie3xXiRmRiczNnKass4KePf9lU-Zmb2dvo1bwCh3uA/edit?usp=sharing;https://lookerstudio.google.com/reporting/eeeb1fd1-4cff-4847-9354-88da729500e9;;;
82;18;KRISTODAV (carrement-victoire.com);carrement-victoire.com;28/07/2022;https://docs.google.com/document/d/1LwmIA_Be4K7vJ4w0SxDY2td8JOdMLC8svdBpwDcBgmk/edit?usp=sharing;https://docs.google.com/document/d/1LwmIA_Be4K7vJ4w0SxDY2td8JOdMLC8svdBpwDcBgmk/edit?usp=sharing;;;;
83;18;Synergys Technologies;;29/07/2022;https://docs.google.com/document/d/1KIUeuYQ3t5aAkuBMSySw97tkKu7-02kxB5DNWMI60zo/edit?usp=sharing;https://docs.google.com/document/d/1KIUeuYQ3t5aAkuBMSySw97tkKu7-02kxB5DNWMI60zo/edit?usp=sharing;;;;
84;21;Vedaworld (manourrituremasante.org);manourrituremasante.org;13/09/2022;https://docs.google.com/document/d/1eRvXBzCLb3hpz28JEvEbgCayO6ZBwPkSBNqESp-8IOQ/edit?usp=sharing;https://docs.google.com/document/d/1eRvXBzCLb3hpz28JEvEbgCayO6ZBwPkSBNqESp-8IOQ/edit?usp=sharing;;;;
85;18;Tetra Structure;;03/10/2022;https://docs.google.com/document/d/1m0kSecdXtZr0TwKICflkuNItHW3Tjg0P1NLGyhhTyaY/edit?usp=sharing;https://docs.google.com/document/d/1m0kSecdXtZr0TwKICflkuNItHW3Tjg0P1NLGyhhTyaY/edit?usp=sharing;;;;
86;18;Accus Plus;;06/10/2022;https://docs.google.com/document/d/1_vM8CFKWyPy8kwS_c7GF6SlzS0eRvfiU4F0rRZCOhuk/edit;https://docs.google.com/document/d/1_vM8CFKWyPy8kwS_c7GF6SlzS0eRvfiU4F0rRZCOhuk/edit;;;;
87;20;ACTIV’CONSULTING (activvae.com);activvae.com;12/10/2022;https://docs.google.com/document/d/1fzz_8mgSvF8hMFFcbbop4WQpoophkBUqPGnsRjOWt9s/edit;https://docs.google.com/document/d/1fzz_8mgSvF8hMFFcbbop4WQpoophkBUqPGnsRjOWt9s/edit;;;;
88;18;Happyou (happyce.fr & happy-compta.fr);happyce.fr et happy-compta.fr;14/10/2022;https://docs.google.com/document/d/1kXrR_I8Tvvii32N5PERoLdC2Yhb6uwEWytlQ3dVfmSU/edit;https://docs.google.com/document/d/1kXrR_I8Tvvii32N5PERoLdC2Yhb6uwEWytlQ3dVfmSU/edit;;;;
89;21;MON ESSENTIEL (marobemonessentiel.fr);marobemonessentiel.fr;14/10/2022;https://docs.google.com/document/d/1NU-892T2YsWDSMOzQBVUrNF77bUfH5hywZ0_GdtXg0I/edit?usp=sharing;https://docs.google.com/document/d/1NU-892T2YsWDSMOzQBVUrNF77bUfH5hywZ0_GdtXg0I/edit?usp=sharing;;;;
90;21;EDAIC;;27/10/2022;https://docs.google.com/document/d/1ZGAnXa7YIdLAICVGfPcO0jbJErPYmxs3_kcliThfTgY/edit;https://docs.google.com/document/d/1ZGAnXa7YIdLAICVGfPcO0jbJErPYmxs3_kcliThfTgY/edit;;;;
91;18;PRISCA LONN (podologue-lonn.com);podologue-lonn.com;27/10/2022;https://docs.google.com/document/d/1jYGZJgzaZnMUKfhk3AmlslMLvSG8TvYTcoAnYzj_gKM/edit?usp=sharing;https://docs.google.com/document/d/1jYGZJgzaZnMUKfhk3AmlslMLvSG8TvYTcoAnYzj_gKM/edit?usp=sharing;;;;
92;18;Oise Environnement Travaux Publics;;18/11/2022;https://docs.google.com/document/d/1sTp8RkPCB8MED1D11OUxyWej2nDjE9OIMnald_dpXC8/edit;https://docs.google.com/document/d/1sTp8RkPCB8MED1D11OUxyWej2nDjE9OIMnald_dpXC8/edit;;;;
93;18;SAS PARADOXE (paradox-vr.fr);paradox-vr.fr;18/11/2022;https://docs.google.com/document/d/1r_Ey2jh0tIKVUjDPIAn8LMuN2ITz2fIm4QUD2-ZTso8/edit?usp=sharing;https://docs.google.com/document/d/1r_Ey2jh0tIKVUjDPIAn8LMuN2ITz2fIm4QUD2-ZTso8/edit?usp=sharing;;;;
94;21;EMASOLAR;;09/12/2022;https://docs.google.com/document/d/1tA6rAhY-FKxhsjSqDaDddriaq9UCe1EKpjoMoU0Leuo/edit?usp=sharing;https://docs.google.com/document/d/1tA6rAhY-FKxhsjSqDaDddriaq9UCe1EKpjoMoU0Leuo/edit?usp=sharing;;;;
95;18;GLOB'AL EVENTS (sport-fit-shop.fr);sport-fit-shop.fr;09/12/2022;https://docs.google.com/document/d/14p1BlXCQIGyz_u5VD8aWn_bHkpk1NduPLDwka3-iIiI/edit?usp=sharing;https://docs.google.com/document/d/14p1BlXCQIGyz_u5VD8aWn_bHkpk1NduPLDwka3-iIiI/edit?usp=sharing;https://lookerstudio.google.com/reporting/0d091ffa-8572-4fd6-bc3d-02a065b37f3d;;;
96;20;Frédérique Gousse (shaktymooniyoga.com);shaktymooniyoga.com;23/12/2022;https://docs.google.com/document/d/1cVwomNeT-swNAFXZ1piRicNL_7F0nM3l5D4WVFH56kQ/edit;https://docs.google.com/document/d/1cVwomNeT-swNAFXZ1piRicNL_7F0nM3l5D4WVFH56kQ/edit;https://lookerstudio.google.com/reporting/e5341af4-3ae0-4490-abf9-2971fb294842;;;
97;20;JE PENSE AUX FLEURS;;04/01/2023;https://docs.google.com/document/d/1VLExx9x37lY4latF0_gx3Bw_wwHSUUaPqZEyhQy8JAk/edit?usp=sharing;https://docs.google.com/document/d/1VLExx9x37lY4latF0_gx3Bw_wwHSUUaPqZEyhQy8JAk/edit?usp=sharing;;;;
98;21;Luz Aventure (saut-elastique-luz.com);saut-elastique-luz.com;18/01/2023;https://docs.google.com/document/d/1qZUzVE_myCW2Xj4U9WPIsIGd9jv0UVoidiIXsCdSopc/edit;https://docs.google.com/document/d/1qZUzVE_myCW2Xj4U9WPIsIGd9jv0UVoidiIXsCdSopc/edit;;;;
99;18;SAS ALM & BDB (collectivites-equipements.fr);collectivites-equipements.fr;26/01/2023;https://docs.google.com/document/d/14ajms-2aDx_21RBaaQogYekcykV98_so4vwYBizB6bc/edit;https://docs.google.com/document/d/14ajms-2aDx_21RBaaQogYekcykV98_so4vwYBizB6bc/edit;;;;
100;20;DECLICC FORMATION;;31/01/2023;https://docs.google.com/document/d/1poyK7CV8ahU-ca8r72nQqYrG2IJwX60_ThxnGf1YCU8/edit;https://docs.google.com/document/d/1poyK7CV8ahU-ca8r72nQqYrG2IJwX60_ThxnGf1YCU8/edit;;;;
101;21;Les Teinturiers du Bonheur;;06/02/2023;https://docs.google.com/document/d/1vLrMV8omzXPujVNLpENEeJ_6uLaVgELHa8eo3HVN5Ro/edit?usp=sharing;https://docs.google.com/document/d/1vLrMV8omzXPujVNLpENEeJ_6uLaVgELHa8eo3HVN5Ro/edit?usp=sharing;;;;
102;18;SARL LUNEL JOAILLIERS;;16/02/2023;https://docs.google.com/document/d/1fsVuTwnZhQ8tMOYLoIR_pdexcEEGtRsQ8dPeIi7O1EM/edit;https://docs.google.com/document/d/1fsVuTwnZhQ8tMOYLoIR_pdexcEEGtRsQ8dPeIi7O1EM/edit;;;;
103;20;SAS Brasserie Artisanale De Serre-Ponçon;;16/02/2023;https://docs.google.com/document/d/1t1DiEJWioZ_sKxNiHGHUJXhDL53GXzfguaX5XRf2hxc/edit?usp=sharing;https://docs.google.com/document/d/1t1DiEJWioZ_sKxNiHGHUJXhDL53GXzfguaX5XRf2hxc/edit?usp=sharing;;;;
104;20;J'V Imprimer;;22/02/2023;https://docs.google.com/document/d/1K7SlEDF5Ax_ZKKwCAIF8bYULP19r5HdNLkFTzpADYXE/edit;https://docs.google.com/document/d/1K7SlEDF5Ax_ZKKwCAIF8bYULP19r5HdNLkFTzpADYXE/edit;;;;
105;20;ANIMEMOIRE;;02/03/2023;https://docs.google.com/document/d/10_kQOLYUS8Mmfg93G7NYCYWxA-xBqz0oh8td-HdTdtI/edit?usp=sharing;https://docs.google.com/document/d/10_kQOLYUS8Mmfg93G7NYCYWxA-xBqz0oh8td-HdTdtI/edit?usp=sharing;;;;
106;18;DPL (dplpack.com);dplpack.com;02/03/2023;https://docs.google.com/document/d/1rL1xWoOgxwFSrS0f9mHRYKGRYmODWccpMrN6q1K1AzI/edit?usp=sharing;https://docs.google.com/document/d/1rL1xWoOgxwFSrS0f9mHRYKGRYmODWccpMrN6q1K1AzI/edit?usp=sharing;;;;
107;20;KLATT Dylan (dck-elagueur.fr);dck-elagueur.fr;02/03/2023;https://docs.google.com/document/d/1gb5n9RmFWrf2FELYHsOizsuAuvU1nWjM5eZg68ppzB4/edit?usp=sharing;https://docs.google.com/document/d/1gb5n9RmFWrf2FELYHsOizsuAuvU1nWjM5eZg68ppzB4/edit?usp=sharing;;;;
108;18;AFHYMAT SA (e-carrosserie.com & enviatech.com);e-carrosserie.com et enviatech.com;10/03/2023;https://docs.google.com/document/d/1GB_4NZ9J-pkJoGjw0D5YBA9iFlukBTzCYAfO5r9DJ_k/edit?usp=sharing;https://docs.google.com/document/d/1GB_4NZ9J-pkJoGjw0D5YBA9iFlukBTzCYAfO5r9DJ_k/edit?usp=sharing;https://lookerstudio.google.com/reporting/caa535a8-a3c9-42c9-b70c-8685ba46fd22;;;
109;21;LASER AVENUE (lasergamemobile.fr);lasergamemobile.fr;20/03/2023;https://docs.google.com/document/d/12e5tWZQlVi1xoaapsZM9TRoGQ79LNoLS9_GSS0jI31Y/edit;https://docs.google.com/document/d/12e5tWZQlVi1xoaapsZM9TRoGQ79LNoLS9_GSS0jI31Y/edit;;;;
110;21;Hervé Cancouet (molietsetmaasurfschool.com);molietsetmaasurfschool.com;21/03/2023;https://docs.google.com/document/d/1wUiGiREgrqV4huIm2YHwo8_9Zeteuaxuk9vdDXKKZHI/edit;https://docs.google.com/document/d/1wUiGiREgrqV4huIm2YHwo8_9Zeteuaxuk9vdDXKKZHI/edit;;;;
111;18;AGRISEM;;27/03/2023;https://docs.google.com/document/d/1SYoWkiXdfXRZmJTJ-unO67l8_I8MVf6hU4Q3Xs8xWPA/edit?usp=sharing;https://docs.google.com/document/d/1SYoWkiXdfXRZmJTJ-unO67l8_I8MVf6hU4Q3Xs8xWPA/edit?usp=sharing;;;;
112;18;EPISODE (matoubrillant.fr);matoubrillant.fr;27/03/2023;https://docs.google.com/document/d/1M6rHJ6YkGx9AUp7xd5QPbNzKbXIthkwbxgbFoA8ru7I/edit;https://docs.google.com/document/d/1M6rHJ6YkGx9AUp7xd5QPbNzKbXIthkwbxgbFoA8ru7I/edit;https://lookerstudio.google.com/reporting/a1308d00-a602-45f8-a2e8-2b8effaa04a8;;https://lookerstudio.google.com/reporting/70e66596-fe48-481e-84df-707a4a879778;
113;21;EVALEA (villaevalea.fr);villaevalea.fr;27/03/2023;https://docs.google.com/document/d/1ITtsB8A7CW-cHFFA8ldOI36YS-YyNZVB91baJoVvZFk/edit?usp=sharing;https://docs.google.com/document/d/1ITtsB8A7CW-cHFFA8ldOI36YS-YyNZVB91baJoVvZFk/edit?usp=sharing;;;;
114;21;Viva Verde;;27/03/2023;https://docs.google.com/document/d/1zn9mJivmaXOspkKfrJkiLFADBk6PKvMpeHc_fzewccU/edit;https://docs.google.com/document/d/1zn9mJivmaXOspkKfrJkiLFADBk6PKvMpeHc_fzewccU/edit;;;;
115;21;La Bonne Robe;;03/04/2023;https://docs.google.com/document/d/1vXx4LTRSyvI6J17Z55uTkTQbrVaqY5fVocTkHoooBWk/edit?usp=sharing;https://docs.google.com/document/d/1vXx4LTRSyvI6J17Z55uTkTQbrVaqY5fVocTkHoooBWk/edit?usp=sharing;;;;
116;21;Domaine de Guilhermain (lesgrandschais.com);lesgrandschais.com;05/04/2023;https://docs.google.com/document/d/1gQjP6qhl81cKZxRqP2aw52wh_CfyHyUsYhl8UJqKgjw/edit?usp=sharing;https://docs.google.com/document/d/1gQjP6qhl81cKZxRqP2aw52wh_CfyHyUsYhl8UJqKgjw/edit?usp=sharing;;;;
117;21;William Arribart Entertainment (williamarribart.fr);williamarribart.fr;05/04/2023;https://docs.google.com/document/d/1yZNYkvfVAu22HJQjPMsIrsSl4wpY25CReqqAxaB0q18/edit?usp=sharing;https://docs.google.com/document/d/1yZNYkvfVAu22HJQjPMsIrsSl4wpY25CReqqAxaB0q18/edit?usp=sharing;;;;
118;18;Palazzo Tafuri;;21/04/2023;https://docs.google.com/document/d/1jWZvsBfONa96b4XtKcuEXKH0-S2QM_EPM0jFvw6sWhM/edit?usp=sharing;https://docs.google.com/document/d/1jWZvsBfONa96b4XtKcuEXKH0-S2QM_EPM0jFvw6sWhM/edit?usp=sharing;;;;
119;21;i-Oasis;;24/04/2023;https://docs.google.com/document/d/1bAnZLIRvDE__yP2L3cRNoaqB1qbn_PR1e-hrMQyfyXw/edit?usp=sharing;https://docs.google.com/document/d/1bAnZLIRvDE__yP2L3cRNoaqB1qbn_PR1e-hrMQyfyXw/edit?usp=sharing;;;;
120;21;Studio Chamberlin;;24/04/2023;https://docs.google.com/document/d/1F9zsINZnpOCAa-nC3WS9YssRJENgiOmWEWCJUHPxMto/edit;https://docs.google.com/document/d/1F9zsINZnpOCAa-nC3WS9YssRJENgiOmWEWCJUHPxMto/edit;;;;
121;18;Laser World;;27/04/2023;https://docs.google.com/document/d/18AtWzLfujEDQbTGUCzot_Vi7dBSW5qt-le8LjUbcvL8/edit?usp=sharing;https://docs.google.com/document/d/18AtWzLfujEDQbTGUCzot_Vi7dBSW5qt-le8LjUbcvL8/edit?usp=sharing;https://lookerstudio.google.com/reporting/df22af4e-c625-4287-9a65-0dedd3242235;;;
122;21;Jussy Funéraire;;09/05/2023;https://docs.google.com/document/d/1n5TQ5YtunUxI70h-ckpiUOYDeQlASKvjCEjVUc6OFRM/edit?usp=sharing;https://docs.google.com/document/d/1n5TQ5YtunUxI70h-ckpiUOYDeQlASKvjCEjVUc6OFRM/edit?usp=sharing;;;;
123;18;SECCOM (seccom-electronique.fr);seccom-electronique.fr;09/05/2023;https://docs.google.com/document/d/1waZKzOEscb-cbpYG0JUREWCi008VuYb4u3ujzLqWAR0/edit;https://docs.google.com/document/d/1waZKzOEscb-cbpYG0JUREWCi008VuYb4u3ujzLqWAR0/edit;;;https://lookerstudio.google.com/reporting/72e10458-52fa-4ab6-9360-2a3bff2276db;
124;21;Elisabeth Passilly (equiprocoach.com);equiprocoach.com;12/05/2023;https://docs.google.com/document/d/1JMRrto0U9Dd8DAeYxWtWI6GnpM07MmuG_t3StvSArbM/edit;https://docs.google.com/document/d/1JMRrto0U9Dd8DAeYxWtWI6GnpM07MmuG_t3StvSArbM/edit;;;;
125;21;Castelwood;;19/06/2023;https://docs.google.com/document/d/1tY8bJQ3e1NrdguSY3TgrnaimSuKUIcP5V7bIKM0WbYw/edit?usp=sharing;https://docs.google.com/document/d/1tY8bJQ3e1NrdguSY3TgrnaimSuKUIcP5V7bIKM0WbYw/edit?usp=sharing;https://lookerstudio.google.com/reporting/9c4a5df3-14e0-471f-af3b-4aaaeb66f507;;;
126;18;MP Voyage et Sport (residence-luxe.com);residence-luxe.com;19/06/2023;https://docs.google.com/document/d/1nadMAek0wSJHTxfsOToECfdIGuBRSoPNm8i-rjZq2qE/edit;https://docs.google.com/document/d/1nadMAek0wSJHTxfsOToECfdIGuBRSoPNm8i-rjZq2qE/edit;;;;
127;18;HBG France (heligo.aero);heligo.aero;26/06/2023;https://docs.google.com/document/d/1iaiyFQElbk8RTy44ZOSjIm65WN7YkUk9c3z_6qhK0dk/edit;https://docs.google.com/document/d/1iaiyFQElbk8RTy44ZOSjIm65WN7YkUk9c3z_6qhK0dk/edit;;;;
128;21;XB Services (xbalsace.com);xbalsace.com;26/06/2023;https://docs.google.com/document/d/14qtNgyxX7DwPm_hL2kpvxOKPpMV3kg9qGDkAMujEIvo/edit?usp=sharing;https://docs.google.com/document/d/14qtNgyxX7DwPm_hL2kpvxOKPpMV3kg9qGDkAMujEIvo/edit?usp=sharing;;;;
129;18;Game Over Lyon;;04/07/2023;https://docs.google.com/document/d/15cUu_qYdu34_m2mtdy_f9yBoIl9RqCMFyUkZtp9jF0c/edit?usp=sharing;https://docs.google.com/document/d/15cUu_qYdu34_m2mtdy_f9yBoIl9RqCMFyUkZtp9jF0c/edit?usp=sharing;;;https://lookerstudio.google.com/reporting/50704e35-3188-4f5c-8400-86f30faba87c;
130;21;Washing Riviera (painting-riviera.com);painting-riviera.com;04/07/2023;https://docs.google.com/document/d/10r1hwuRns6ONYEWOyiRQT4yTs7qQgtbui35fhwbuKFs/edit;https://docs.google.com/document/d/10r1hwuRns6ONYEWOyiRQT4yTs7qQgtbui35fhwbuKFs/edit;;;;
131;21;Thoracic Park (a-chiro-in-paris.business.site);a-chiro-in-paris.business.site;06/07/2023;https://docs.google.com/document/d/1ZEVR7bWDOmhr7uDfPnx-KKGlsaj6n3Amxo8b-jJpnKw/edit?usp=sharing;https://docs.google.com/document/d/1ZEVR7bWDOmhr7uDfPnx-KKGlsaj6n3Amxo8b-jJpnKw/edit?usp=sharing;;;;
132;18;La Maison de Provence (shop.sudetoffe.fr);shop.sudetoffe.fr;20/07/2023;https://docs.google.com/document/d/1sdq2wwX96QppUdRNESzfbX_aHQLjjjrc-l9C6ABcGeo/edit?usp=sharing;https://docs.google.com/document/d/1sdq2wwX96QppUdRNESzfbX_aHQLjjjrc-l9C6ABcGeo/edit?usp=sharing;;;;
133;21;5C Prévention;;27/07/2023;https://docs.google.com/document/d/1-7d5_51mtdJGrOoBPYZBmlZb-p7BHbobthrZIQgbkSg/edit?usp=sharing;https://docs.google.com/document/d/1-7d5_51mtdJGrOoBPYZBmlZb-p7BHbobthrZIQgbkSg/edit?usp=sharing;;;;
134;21;Perles à tout va;;27/07/2023;https://docs.google.com/document/d/1jOClENF_oEYrg3pImVl4gcN3Vrucs9XDMSXgEP04znk/edit?usp=sharing;https://docs.google.com/document/d/1jOClENF_oEYrg3pImVl4gcN3Vrucs9XDMSXgEP04znk/edit?usp=sharing;;;;
135;18;OQTF Avocats ADSC;;06/09/2023;https://docs.google.com/document/d/1s9R8Lgg1ouS_vlD3_jDC4MeeolAdhHnkyVr7XvyKArs/edit?usp=sharing;https://docs.google.com/document/d/1s9R8Lgg1ouS_vlD3_jDC4MeeolAdhHnkyVr7XvyKArs/edit?usp=sharing;;;;
136;18;Carbonn;;07/09/2023;https://docs.google.com/document/d/1l3F4UkzXeretVA-WWQ9h7UtM4cXCH5yZvJgLRL-T-zc/edit;https://docs.google.com/document/d/1l3F4UkzXeretVA-WWQ9h7UtM4cXCH5yZvJgLRL-T-zc/edit;https://lookerstudio.google.com/reporting/9c37ca24-2c82-4a15-adad-1bcab81e8b6c/page/p_qeeiqzjsrc;;;
137;20;Edel Spectacles;;07/09/2023;https://docs.google.com/document/d/1FKTdhNxP-msUcODMYQLxl7orC_CsMPiDls3-zSySHdc/edit;https://docs.google.com/document/d/1FKTdhNxP-msUcODMYQLxl7orC_CsMPiDls3-zSySHdc/edit;;;;
138;18;EPDM France;;07/09/2023;https://docs.google.com/document/d/14x7Uagv8lLhLys8BbOzvtvw9MOZEthr1wUZgrRdzsuU/edit;https://docs.google.com/document/d/14x7Uagv8lLhLys8BbOzvtvw9MOZEthr1wUZgrRdzsuU/edit;;;;
139;20;WIZMO;;07/09/2023;https://docs.google.com/document/d/1k1ghMFo5yGuq6G8ITcI4oYIGQWBRHZx8YsgRPJixVPY/edit;https://docs.google.com/document/d/1k1ghMFo5yGuq6G8ITcI4oYIGQWBRHZx8YsgRPJixVPY/edit;;;;
140;18;Easy Sign SPLR (pano-kraainem.be);pano-kraainem.be;12/09/2023;https://docs.google.com/document/d/1p5_YqtYJxaBQVUFNYSORBW1_Sa0zCeG6qrvbiOZL37s/edit?usp=sharing;https://docs.google.com/document/d/1p5_YqtYJxaBQVUFNYSORBW1_Sa0zCeG6qrvbiOZL37s/edit?usp=sharing;https://lookerstudio.google.com/reporting/c0495ec8-11fd-49d6-b989-d94b334e4466;;;
141;18;Holding ABL (formations.lestudiobyamelie.fr);formations.lestudiobyamelie.fr;12/09/2023;https://docs.google.com/document/d/1m3-6sxy1BmlSi7PpUdlT6DfE3kUOUHcXmmk2GVpG8gQ/edit;https://docs.google.com/document/d/1m3-6sxy1BmlSi7PpUdlT6DfE3kUOUHcXmmk2GVpG8gQ/edit;;;;
142;20;EP Signalétique (pano-cholet.fr);pano-cholet.fr;19/09/2023;https://docs.google.com/document/d/1r6zvc2J01gGLTqyqRVVZpYmPlITNyIy2I50e0pax7m0/edit?usp=sharing;https://docs.google.com/document/d/1r6zvc2J01gGLTqyqRVVZpYmPlITNyIy2I50e0pax7m0/edit?usp=sharing;;;;
143;21;IFFEN ASSOCIATION;;19/09/2023;https://docs.google.com/document/d/1NM3ERnaTsyeRWz3XvyzXEBrFHbA3AFhRQoOnr4EIi24/edit?usp=sharing;https://docs.google.com/document/d/1NM3ERnaTsyeRWz3XvyzXEBrFHbA3AFhRQoOnr4EIi24/edit?usp=sharing;;;;
144;18;APIE (hygiatech-services.com);hygiatech-services.com;21/09/2023;https://docs.google.com/document/d/1hx9yR9IX7nd5or8Chad1S7WzkmnsR_bAdqEHYktwzyo/edit;https://docs.google.com/document/d/1hx9yR9IX7nd5or8Chad1S7WzkmnsR_bAdqEHYktwzyo/edit;;;;
145;20;Le Gia Phong Yann (pedicurepodologueparis.com);pedicurepodologueparis.com;21/09/2023;https://docs.google.com/document/d/1mMz_2MN1dHF2BphvQyr3KEftZAjHL03Yf9fi3G-eOR4/edit?usp=sharing;https://docs.google.com/document/d/1mMz_2MN1dHF2BphvQyr3KEftZAjHL03Yf9fi3G-eOR4/edit?usp=sharing;;;;
146;18;Alpine Property;;28/09/2023;https://docs.google.com/document/d/1mCJdQ-xYoEkcQOQ-4t8ShypAfIPzCV1qHOeRgIeV6jY/edit;https://docs.google.com/document/d/1mCJdQ-xYoEkcQOQ-4t8ShypAfIPzCV1qHOeRgIeV6jY/edit;;;;
147;21;SATD;;28/09/2023;https://docs.google.com/document/d/1m3OICoyBwC5UTkVDrLZCnV2pfp_VVdg_SFNWQbI49fs/edit;https://docs.google.com/document/d/1m3OICoyBwC5UTkVDrLZCnV2pfp_VVdg_SFNWQbI49fs/edit;;;;
148;18;Oobubble (bubble-diving.com);bubble-diving.com;02/10/2023;https://docs.google.com/document/d/1L9XOLJg4N_wafZL0UJVicaWq1g3G_4Y5Vg081mq31Jo/edit?usp=sharing;https://docs.google.com/document/d/1L9XOLJg4N_wafZL0UJVicaWq1g3G_4Y5Vg081mq31Jo/edit?usp=sharing;;;;
149;18;Le Manège du Moulin (lemoulindorgemont.fr);lemoulindorgemont.fr;20/10/2023;https://docs.google.com/document/d/1_uvy6_ops4D36DUClol5YqEqo8VnJSTfXLgcOWfys8M/edit;https://docs.google.com/document/d/1_uvy6_ops4D36DUClol5YqEqo8VnJSTfXLgcOWfys8M/edit;https://lookerstudio.google.com/reporting/5ec3850c-540c-4512-98f6-4c5cbed29186;;;
150;20;Sepra (sepra-solutions.com);sepra-solutions.com;20/10/2023;https://docs.google.com/document/d/1O3Qat-De584YrkzpG8UMS9HcQqsOf7lsSRO3b3v5dfg/edit;https://docs.google.com/document/d/1O3Qat-De584YrkzpG8UMS9HcQqsOf7lsSRO3b3v5dfg/edit;https://lookerstudio.google.com/reporting/7ae61580-8475-4f6d-9765-c3f9e10e3bb1;;;
151;18;Smile Design Boutique Geneve SA;;20/10/2023;https://docs.google.com/document/d/15kQF5Cscv2pz1oVLzKl_KIwFszfbLao34lkghditvdw/edit?usp=sharing;https://docs.google.com/document/d/15kQF5Cscv2pz1oVLzKl_KIwFszfbLao34lkghditvdw/edit?usp=sharing;https://lookerstudio.google.com/reporting/8299d767-291b-4455-9503-1cd310e066f5;;;
152;20;Amex (n2aexpertises-marne.fr);n2aexpertises-marne.fr;25/10/2023;https://docs.google.com/document/d/1OscuiD4AJ8QADfKBjnL7zuZ1uYRpYZLHM5XmSRW1nVI/edit;https://docs.google.com/document/d/1OscuiD4AJ8QADfKBjnL7zuZ1uYRpYZLHM5XmSRW1nVI/edit;;;;
153;18;INFOCOB;;25/10/2023;;;https://lookerstudio.google.com/reporting/de9d5bb8-03a4-4cd5-9058-f331437a4d3c;;;
154;18;ARDEA (chezlapaulette.com);chezlapaulette.com;09/11/2023;https://docs.google.com/document/d/18Z7vcx35CitN-Vgui5nt2lSqbksB2WbNV1UZq5JocLA/edit;https://docs.google.com/document/d/18Z7vcx35CitN-Vgui5nt2lSqbksB2WbNV1UZq5JocLA/edit;https://lookerstudio.google.com/reporting/88710b27-ef1e-4a94-a2aa-4dc360358166;;https://lookerstudio.google.com/reporting/fc43fff5-48c3-49d7-8e74-0030c4e23e2a;
155;21;Ramdam (ramdambordeaux.fr);ramdambordeaux.fr;09/11/2023;https://docs.google.com/document/d/1v-qgcKqyGHKOQWKRrKAEhkrvKiJR8eG8kuHUl9hQXqs/edit;https://docs.google.com/document/d/1v-qgcKqyGHKOQWKRrKAEhkrvKiJR8eG8kuHUl9hQXqs/edit;;;;
156;20;General Cover;;10/11/2023;https://docs.google.com/document/d/1W_fJNdNsjI-3dfWRCZCjPcIQurZDMm5lMYFphHODPFk/edit?usp=sharing;https://docs.google.com/document/d/1W_fJNdNsjI-3dfWRCZCjPcIQurZDMm5lMYFphHODPFk/edit?usp=sharing;;;;
157;20;Emeline Ablancourt;;22/11/2023;https://docs.google.com/document/d/1jIcUNCxblXegAsdleWDiR70SzNylW6hX2p-J3Ul-5hg/edit;https://docs.google.com/document/d/1jIcUNCxblXegAsdleWDiR70SzNylW6hX2p-J3Ul-5hg/edit;;;;
158;18;Unipros;;22/11/2023;https://docs.google.com/document/d/1ZvDQcgul1rDarYw9YcY44nP5Q7qJ3AToU0yMOd9i43A/edit;https://docs.google.com/document/d/1ZvDQcgul1rDarYw9YcY44nP5Q7qJ3AToU0yMOd9i43A/edit;;;;
159;18;Avls France;;30/11/2023;https://docs.google.com/document/d/13sZUu-A38hpkC-pzxTDFL38Q5S3jVsl0-dmNLUBrXI4/edit;https://docs.google.com/document/d/13sZUu-A38hpkC-pzxTDFL38Q5S3jVsl0-dmNLUBrXI4/edit;;;;
160;20;JT IMPEX (brazerocuissonpourepicuriens.com);brazerocuissonpourepicuriens.com;30/11/2023;https://docs.google.com/document/d/16bRIuCBqazhP72DFYVVfnhzMfU80StKk_4E9O_fbnCA/edit;https://docs.google.com/document/d/16bRIuCBqazhP72DFYVVfnhzMfU80StKk_4E9O_fbnCA/edit;https://lookerstudio.google.com/reporting/32998e7b-2eea-4009-b23d-400484fbddfd;;;
161;20;Recycl' Negoce;;30/11/2023;https://docs.google.com/document/d/1KR0YjIBWlLAZn4kRB-nW2wX4Jw-ax7ini77FOUqu5HA/edit;https://docs.google.com/document/d/1KR0YjIBWlLAZn4kRB-nW2wX4Jw-ax7ini77FOUqu5HA/edit;;;;
162;20;Thomas Damiens (vaucluse.ngan.fr);vaucluse.ngan.fr;30/11/2023;https://docs.google.com/document/d/1-qfLHE0wMqHNobC8cM6CyIOgJRK46LvqMEB6lB5EahI/edit;https://docs.google.com/document/d/1-qfLHE0wMqHNobC8cM6CyIOgJRK46LvqMEB6lB5EahI/edit;;;;
163;21;Boxnbike;;04/12/2023;https://docs.google.com/document/d/1A7Q9-6oYgyVbwPq51uYbu3vYrOfMd95szNh8PQn-TmE/edit;https://docs.google.com/document/d/1A7Q9-6oYgyVbwPq51uYbu3vYrOfMd95szNh8PQn-TmE/edit;;;;
164;18;AHTMA Formation;;11/12/2023;https://docs.google.com/document/d/1AZzcVmFfwZi6Rvd0qcK-gBTc6nB5d6ySn506NSiRdbg/edit;https://docs.google.com/document/d/1AZzcVmFfwZi6Rvd0qcK-gBTc6nB5d6ySn506NSiRdbg/edit;;;;
165;18;A PA France (plv-auto.com);plv-auto.com;13/12/2023;https://docs.google.com/document/d/1RI538uYT7rOZrbkK8caLtSxZHkqZ88lC0e7B7Z5h44c/edit?usp=sharing;https://docs.google.com/document/d/1RI538uYT7rOZrbkK8caLtSxZHkqZ88lC0e7B7Z5h44c/edit?usp=sharing;;;;
166;18;Covering Custom Design (elitecarbone-shop.com);elitecarbone-shop.com;20/12/2023;https://docs.google.com/document/d/1u0CoyZcGrdWFNbJvOz0VHPOX14zanQLMJSYK73qVbbM/edit?usp=sharing;https://docs.google.com/document/d/1u0CoyZcGrdWFNbJvOz0VHPOX14zanQLMJSYK73qVbbM/edit?usp=sharing;https://lookerstudio.google.com/reporting/ed302134-9b08-4a1a-b5d6-e491955742d2;;;
167;20;Marie Cariou Hypnose;;21/12/2023;https://docs.google.com/document/d/1uJYbP4iP05dZeeC6nOJlU2uyNcT5Z0OunU8z2hlYhl4/edit?usp=sharing;https://docs.google.com/document/d/1uJYbP4iP05dZeeC6nOJlU2uyNcT5Z0OunU8z2hlYhl4/edit?usp=sharing;;;;
168;20;Lecherbonnier (location-trancheuse.com);location-trancheuse.com;09/01/2024;https://docs.google.com/document/d/1kTdSWJfTdBRyKpEJD303kBSyc7devh_RKtkgOdY1sWM/edit?usp=sharing;https://docs.google.com/document/d/1kTdSWJfTdBRyKpEJD303kBSyc7devh_RKtkgOdY1sWM/edit?usp=sharing;;;;
169;21;Raya (raya-boutique.fr);raya-boutique.fr;17/01/2024;https://docs.google.com/document/d/1Jj90ETrh1lOb0VkK-myMKTS5iyLQ2wwaef4xOjV4HyQ/edit?usp=sharing;https://docs.google.com/document/d/1Jj90ETrh1lOb0VkK-myMKTS5iyLQ2wwaef4xOjV4HyQ/edit?usp=sharing;https://lookerstudio.google.com/reporting/92edbd96-3be9-47e6-923b-f1800710ce2b;;;
170;21;SGA Conseil (neuroserenity.fr);neuroserenity.fr;19/01/2024;https://docs.google.com/document/d/19m4bueuV7a1eIZeQbt_3VicgN1SUfWfldJ7_TOfM-QI/edit;https://docs.google.com/document/d/19m4bueuV7a1eIZeQbt_3VicgN1SUfWfldJ7_TOfM-QI/edit;;;;
171;20;RBS Renaud Binding Systemes (rbs-france.fr);rbs-france.fr;23/01/2024;https://docs.google.com/document/d/1ZsvBCufbKn6XBAOdcPk1tFzMOf_4fLJ6jYj-dAFH-DU/edit?usp=sharing;https://docs.google.com/document/d/1ZsvBCufbKn6XBAOdcPk1tFzMOf_4fLJ6jYj-dAFH-DU/edit?usp=sharing;;;;
172;18;Heol Commercialisation (jobek.fr);jobek.fr;26/01/2024;https://docs.google.com/document/d/1lr1gPOrdJCEFU0J4yyyfNWSVKuKtIQAuZeIhYqv1rVU/edit?usp=sharing;https://docs.google.com/document/d/1lr1gPOrdJCEFU0J4yyyfNWSVKuKtIQAuZeIhYqv1rVU/edit?usp=sharing;;;;
173;20;Lecacheux transports (toutdebarras.net);toutdebarras.net;26/01/2024;https://docs.google.com/document/d/1gK5e-S-quGFSR5a_LNGm0IVHnBvklJ_uNbaHdyXZIXo/edit?usp=sharing;https://docs.google.com/document/d/1gK5e-S-quGFSR5a_LNGm0IVHnBvklJ_uNbaHdyXZIXo/edit?usp=sharing;;;;
174;21;AVS Famille Ravoire;;06/02/2024;https://docs.google.com/document/d/1pW3uTUa9zntxiYv-p0HUVDuVw8CFbDQLmcc2maUN89Y/edit?usp=sharing;https://docs.google.com/document/d/1pW3uTUa9zntxiYv-p0HUVDuVw8CFbDQLmcc2maUN89Y/edit?usp=sharing;https://lookerstudio.google.com/reporting/69d4979d-ab76-4745-8d99-8bcd2aaaf5cb;;;
175;21;LP Diag 06;;16/02/2024;https://docs.google.com/document/d/1_iDPFN_tBtecc_UZ1EpHIRip_2OyGHJwdnBHL7zMddQ/edit;https://docs.google.com/document/d/1_iDPFN_tBtecc_UZ1EpHIRip_2OyGHJwdnBHL7zMddQ/edit;;;;
176;21;Charvet Steve (charvet-gites-vins.fr);charvet-gites-vins.fr;05/03/2024;https://docs.google.com/document/d/1YDLbBEgAJ_rOmvtlXc8F1XGdSrGHivFNIbgSuNUhvJM/edit;https://docs.google.com/document/d/1YDLbBEgAJ_rOmvtlXc8F1XGdSrGHivFNIbgSuNUhvJM/edit;https://lookerstudio.google.com/reporting/6ce2e7f1-8402-4ac1-bd56-4da7f0697f35;;;
177;20;Sarian Formations SARL CSPL35;;13/03/2024;https://docs.google.com/document/d/1ylZeNzd3E8zmC1I2enfB3_ShGeyDVQ30ZrEKlabHwhk/edit;https://docs.google.com/document/d/1ylZeNzd3E8zmC1I2enfB3_ShGeyDVQ30ZrEKlabHwhk/edit;https://lookerstudio.google.com/reporting/e8204e2a-cc94-4a66-9ae0-67b8e4d97e08;;;
178;20;Yue Wang (monicamariage.com);monicamariage.com;13/03/2024;https://docs.google.com/document/d/1zGIwxIB4AR5wAt_65P6TohZA1DF1uqPmcX6XtNe-K9Q/edit;https://docs.google.com/document/d/1zGIwxIB4AR5wAt_65P6TohZA1DF1uqPmcX6XtNe-K9Q/edit;;;;
179;20;Paulette à Bicyclette;;14/03/2024;https://docs.google.com/document/d/12GViMcYvPZh4Oe3gn77lwiYTdwdJ-FAZCW6XLXCrtgk/edit;https://docs.google.com/document/d/12GViMcYvPZh4Oe3gn77lwiYTdwdJ-FAZCW6XLXCrtgk/edit;;;;
180;21;ALEXANDRA RIVIERE (alexandrarivierepsy.com);alexandrarivierepsy.com;18/03/2024;https://docs.google.com/document/d/1qZ3WTqqsaeBl50FrGOfYlSgm1QZyUc3z3oyyIH3gneg/edit?usp=sharing;https://docs.google.com/document/d/1qZ3WTqqsaeBl50FrGOfYlSgm1QZyUc3z3oyyIH3gneg/edit?usp=sharing;;;;
181;21;L'espace Pura Vida (magasin.espacepuravida.fr);magasin.espacepuravida.fr;20/03/2024;https://docs.google.com/document/d/1QRwupUedVoXhouJx9wSWgQ1AB3W0_MVCgM5sKDDM0kU/edit;https://docs.google.com/document/d/1QRwupUedVoXhouJx9wSWgQ1AB3W0_MVCgM5sKDDM0kU/edit;;;;
182;21;Leisure Technologies (investisseur.megazone.fr);investisseur.megazone.fr;27/03/2024;https://docs.google.com/document/d/10NO5zDl6ZRg80JbGAXZJKLBWn4RCTmIIAvCuBrtyRqQ/edit;https://docs.google.com/document/d/10NO5zDl6ZRg80JbGAXZJKLBWn4RCTmIIAvCuBrtyRqQ/edit;;;;
183;20;Marion Sulpice - Coach Professionnelle;;22/04/2024;https://docs.google.com/document/d/1fQk3y3sZl5ioJVfUx4C6kUbF_Q0hBlPHVhu1jrAmYqY/edit;https://docs.google.com/document/d/1fQk3y3sZl5ioJVfUx4C6kUbF_Q0hBlPHVhu1jrAmYqY/edit;;;;
184;21;Lazarova Diana (hypnose-therapeutique-callian.fr);hypnose-therapeutique-callian.fr;26/04/2024;https://docs.google.com/document/d/1rvGwFGhxmPdmgOIC9Y4jmtcPzAgmItdvcTNyHT4ei9E/edit;https://docs.google.com/document/d/1rvGwFGhxmPdmgOIC9Y4jmtcPzAgmItdvcTNyHT4ei9E/edit;;;;
185;21;Sterling & Brothers (leduchesseparis.fr);leduchesseparis.fr;02/05/2024;https://docs.google.com/document/d/160dn3_pZsBF8O-D-oC9dLyZKMmGM6KvgJm6I5pnP5MM/edit;https://docs.google.com/document/d/160dn3_pZsBF8O-D-oC9dLyZKMmGM6KvgJm6I5pnP5MM/edit;;;;
186;21;Patricia Trantoul (coherence-bien-etre.fr);coherence-bien-etre.fr;06/05/2024;https://docs.google.com/document/d/1LyZKEi2Z2E0B6lhRUWFsYlH2wB4Gwto2oIU0JbUnpTE/edit;https://docs.google.com/document/d/1LyZKEi2Z2E0B6lhRUWFsYlH2wB4Gwto2oIU0JbUnpTE/edit;;;;
187;20;RBS Renaud Binding Systemes (unibind.boutique);unibind.boutique;14/05/2024;https://docs.google.com/document/d/1VDI-uE1qN2pjpMQsTpEQeYF0gSI43vKyNG5HFsc5Me0/edit;https://docs.google.com/document/d/1VDI-uE1qN2pjpMQsTpEQeYF0gSI43vKyNG5HFsc5Me0/edit;https://lookerstudio.google.com/reporting/565b7380-490e-48e5-8f6d-6a54e68d64f3;;;
188;18;ALL-ROAD (klaas.fr);klaas.fr;22/05/2024;https://docs.google.com/document/d/1pUbrzFPhzgF6JxZky1kU5rg-2G8IE9fKEYKf-BGceUA/edit;https://docs.google.com/document/d/1pUbrzFPhzgF6JxZky1kU5rg-2G8IE9fKEYKf-BGceUA/edit;https://lookerstudio.google.com/reporting/5952d96e-bb0d-4482-a65b-e45a798dfd4e;;;
189;18;GALERIE JOSEPH (TIMBERTY MAC-TY);TIMBERTY MAC-TY;23/05/2024;https://docs.google.com/document/d/1g-1D9s7WRDsckD_ZJ9PUBbuB7XvbDgBZP4cNp8YrmgQ/edit;https://docs.google.com/document/d/1g-1D9s7WRDsckD_ZJ9PUBbuB7XvbDgBZP4cNp8YrmgQ/edit;https://lookerstudio.google.com/reporting/987295b2-c6a1-4101-b9c8-62d575220697;;https://lookerstudio.google.com/reporting/5f1c2141-d5c2-4b5e-acef-76426c312fe0;
190;18;Autocars de Provence;;24/05/2024;https://docs.google.com/document/d/1dGCTNDcxarEjjXsIY8gM5-KpWCt7RgRYiZGMw8hHbWk/edit;https://docs.google.com/document/d/1dGCTNDcxarEjjXsIY8gM5-KpWCt7RgRYiZGMw8hHbWk/edit;;;;
191;21;Beneki;;27/05/2024;https://docs.google.com/document/d/1EcKW0sPHS-1zQ75NRMKtQrQRXEOrAmsIxmJjuNkUXZw/edit;https://docs.google.com/document/d/1EcKW0sPHS-1zQ75NRMKtQrQRXEOrAmsIxmJjuNkUXZw/edit;;;;
192;18;Scantech;;27/05/2024;https://docs.google.com/document/d/1uJpnJwf0m2VtES7xa0-ifLNEuFys76djrSD-fs8YYhs/edit;https://docs.google.com/document/d/1uJpnJwf0m2VtES7xa0-ifLNEuFys76djrSD-fs8YYhs/edit;;;;
193;18;BAJE;;31/05/2024;https://docs.google.com/document/d/1XErggXZfrpb9pkuAOf5pAXB4o840HXdgPaTyKdQ8RTo/edit;https://docs.google.com/document/d/1XErggXZfrpb9pkuAOf5pAXB4o840HXdgPaTyKdQ8RTo/edit;;;;
194;21;Kivalys France (direct-acacia.com);direct-acacia.com;05/06/2024;https://docs.google.com/document/d/1VhCQoUNI0tKsmZQByYdRbYn88uaJGhzw4Y4qnIFyPbQ/edit;https://docs.google.com/document/d/1VhCQoUNI0tKsmZQByYdRbYn88uaJGhzw4Y4qnIFyPbQ/edit;;;;
195;18;Design Cuivrerie Gros (dcg-laiton.com);dcg-laiton.com;12/06/2024;https://docs.google.com/document/d/1spehX7tLC2BNBPgn2s9WzOIpYRaD-tLWCjoW9xXHPYk/edit;https://docs.google.com/document/d/1spehX7tLC2BNBPgn2s9WzOIpYRaD-tLWCjoW9xXHPYk/edit;;;;
196;18;Etablissements Scherer (scherer-securite.fr);scherer-securite.fr;13/06/2024;https://docs.google.com/document/d/1qld5U4lIqbk1Go8G6fz7tm5gPUzMxuRfk3poZfWDflI/edit;https://docs.google.com/document/d/1qld5U4lIqbk1Go8G6fz7tm5gPUzMxuRfk3poZfWDflI/edit;;;;
197;21;FLORIAN PAYSAGE;;13/06/2024;https://docs.google.com/document/d/1cqJwmKhcuQRRqN3q06PaJEf9ybTsltPeaG4trQC_qH0/edit;https://docs.google.com/document/d/1cqJwmKhcuQRRqN3q06PaJEf9ybTsltPeaG4trQC_qH0/edit;;;;
198;18;GHC DIFFUSION (opticien-paris-16.fr);opticien-paris-16.fr;13/06/2024;https://docs.google.com/document/d/1JBEMYhqsrHG7Hue0mJrJTVKVSmOmh3B7RhNd69bNMRs/edit;https://docs.google.com/document/d/1JBEMYhqsrHG7Hue0mJrJTVKVSmOmh3B7RhNd69bNMRs/edit;https://lookerstudio.google.com/reporting/c46b2223-c538-425a-9c2c-238e5b123487;;;
199;17;Assor Doukhan Andréa;;03/07/2024;https://docs.google.com/document/d/1XrMmMzNDjJ3YIcM6i29wNbwNGIfUlEdCeeakXq7QVsg/edit?usp=sharing;https://docs.google.com/document/d/1XrMmMzNDjJ3YIcM6i29wNbwNGIfUlEdCeeakXq7QVsg/edit?usp=sharing;https://lookerstudio.google.com/reporting/e92d145d-653d-442c-a4a8-744133e3c511;;;
200;21;AB Concept (ablub.fr);ablub.fr;05/07/2024;https://docs.google.com/document/d/145NY_QWh4IagZgTB50WBHYGpcrT1JGCURmffB2FXrSk/edit;https://docs.google.com/document/d/145NY_QWh4IagZgTB50WBHYGpcrT1JGCURmffB2FXrSk/edit;https://lookerstudio.google.com/reporting/d6aa307a-4b3f-4751-a538-73da45c09fbe;;;
201;18;Cyril Perriez (cyrilperriez-avocat.fr);cyrilperriez-avocat.fr;10/07/2024;https://docs.google.com/document/d/1ZK3n2EmrTohT_44cbYlFoTbfJNOMQcwThkXl2mV8Npw/edit;https://docs.google.com/document/d/1ZK3n2EmrTohT_44cbYlFoTbfJNOMQcwThkXl2mV8Npw/edit;;;;
202;18;Creasoft51 (gestion-stock.com);gestion-stock.com;10/07/2024;https://docs.google.com/document/d/1Zhf9QKOalXhLVSKSK9LsPJSP6q6_hyliM2ePJ8tNmLg/edit;https://docs.google.com/document/d/1Zhf9QKOalXhLVSKSK9LsPJSP6q6_hyliM2ePJ8tNmLg/edit;https://lookerstudio.google.com/reporting/88ec6822-4ef5-4d13-8a38-0eada71116cb;;;
203;21;Riou Florent (hypnosefr.fr);hypnosefr.fr;16/07/2024;https://docs.google.com/document/d/1ZzEaZ14GprDaBCHt13kUqggzI885q9WM6OliejSXT54/edit;https://docs.google.com/document/d/1ZzEaZ14GprDaBCHt13kUqggzI885q9WM6OliejSXT54/edit;;;;
204;20;6Fly;;18/07/2024;https://docs.google.com/document/d/1bOlZ5q92JCNGYOuGUbw72S-PwsnxbH634f-L8RwkT6o/edit;https://docs.google.com/document/d/1bOlZ5q92JCNGYOuGUbw72S-PwsnxbH634f-L8RwkT6o/edit;;;;
205;20;Jesyl (n2aexpertises-rhone.fr);n2aexpertises-rhone.fr;23/07/2024;https://docs.google.com/document/d/1Yn2QifxFd6zeBBmUndT1wAFrSTvCp3RJ4cWbDuuc0o8/edit;https://docs.google.com/document/d/1Yn2QifxFd6zeBBmUndT1wAFrSTvCp3RJ4cWbDuuc0o8/edit;;;;
206;20;Jobers (n2aexpertises-moselle.fr);n2aexpertises-moselle.fr;23/07/2024;https://docs.google.com/document/d/1nOwJvrxu4OUtpC_g4cq8u9a69FSfpaXc3d8nnkIJNR0/edit;https://docs.google.com/document/d/1nOwJvrxu4OUtpC_g4cq8u9a69FSfpaXc3d8nnkIJNR0/edit;;;;
207;20;Palap (n2aexpertises-cotedor.fr);n2aexpertises-cotedor.fr;23/07/2024;https://docs.google.com/document/d/1cSSZUSWY3yKzSJQRo-hVC57e-qXZ3cSrMTubFKRtNlY/edit;https://docs.google.com/document/d/1cSSZUSWY3yKzSJQRo-hVC57e-qXZ3cSrMTubFKRtNlY/edit;;;;
208;21;Renovabris Piscines;;29/07/2024;https://docs.google.com/document/d/1euKU2Moe5vSCJGcHYnP_GBYubBU93zfPjELHHZd6xXE/edit;https://docs.google.com/document/d/1euKU2Moe5vSCJGcHYnP_GBYubBU93zfPjELHHZd6xXE/edit;;;;
209;21;Wild (drone-corse.fr);drone-corse.fr;06/08/2024;https://docs.google.com/document/d/12m5xfySDrmhEsZCNG3jFYk3oQe2lMdSMH4xUj-FNyA8/edit;https://docs.google.com/document/d/12m5xfySDrmhEsZCNG3jFYk3oQe2lMdSMH4xUj-FNyA8/edit;https://lookerstudio.google.com/reporting/21ff502b-99a0-4bde-946f-a0fa57899b8c;;;
210;18;MAISON FUNERAIRE ATTIA;;06/08/2024;https://docs.google.com/document/d/14GqGzcYS4DT-Z4xOJ2_6OLHFbSDLt7PgVM1zNhzyPEQ/edit;https://docs.google.com/document/d/14GqGzcYS4DT-Z4xOJ2_6OLHFbSDLt7PgVM1zNhzyPEQ/edit;;;;
211;20;General Cover (destructeur-documents.fr);destructeur-documents.fr;09/08/2024;https://docs.google.com/document/d/1pyLY4jjfrRBwBGE-_LqD0Y1GXQq5moxmNoXdVt6NFOw/edit;https://docs.google.com/document/d/1pyLY4jjfrRBwBGE-_LqD0Y1GXQq5moxmNoXdVt6NFOw/edit;;;;
212;20;Optima Formation (optima-groupe.com);optima-groupe.com;09/08/2024;https://docs.google.com/document/d/1N7ML7suLocrW5oTk6ZgQjuxWNKwr_cJc_Q947e_yO1I/edit;https://docs.google.com/document/d/1N7ML7suLocrW5oTk6ZgQjuxWNKwr_cJc_Q947e_yO1I/edit;;;;
213;18;Cabinet Wegelin;;29/08/2024;https://docs.google.com/document/d/1BP1F6-dt06WiGZJCYvsJOUUUUdU3iFjg9GhBFMFIQn4/edit;https://docs.google.com/document/d/1BP1F6-dt06WiGZJCYvsJOUUUUdU3iFjg9GhBFMFIQn4/edit;https://lookerstudio.google.com/reporting/b253b0bc-bfe1-45f3-b05c-e3458e22e7e0;;;
214;18;SCDC;;02/09/2024;https://docs.google.com/document/d/1CWv82zaNcAZQxOmRD9WMwxGWyXQAMDM1H1GeKUMwTV0/edit;https://docs.google.com/document/d/1CWv82zaNcAZQxOmRD9WMwxGWyXQAMDM1H1GeKUMwTV0/edit;;;;
215;18;MEYER EVENTS (lesfillesdutraiteur.com);lesfillesdutraiteur.com;06/09/2024;https://docs.google.com/document/d/1tVi6_MmM2s1qQG0dyLsuzLXI0OQ51_5XG2zypei-DYg/edit;https://docs.google.com/document/d/1tVi6_MmM2s1qQG0dyLsuzLXI0OQ51_5XG2zypei-DYg/edit;https://lookerstudio.google.com/reporting/064ecf5a-1435-4241-b8fe-9963ec461693;;;
216;18;Insho (insho-atelier.com);insho-atelier.com;11/09/2024;https://docs.google.com/document/d/1cXJ2oWbb7ogs27ZxHVH2uC7Rq1nVRpyJeJiLK8pNH0c/edit;https://docs.google.com/document/d/1cXJ2oWbb7ogs27ZxHVH2uC7Rq1nVRpyJeJiLK8pNH0c/edit;https://lookerstudio.google.com/reporting/a03a9879-15a8-4a26-9815-96abdb3d879d;;;
217;20;Julien Pignon (toulousehypnose.fr);toulousehypnose.fr;12/09/2024;https://docs.google.com/document/d/1igudrexwcsm1D7cGL0WIg8X8Halb6Xc8oQRfdqJHwAg/edit;https://docs.google.com/document/d/1igudrexwcsm1D7cGL0WIg8X8Halb6Xc8oQRfdqJHwAg/edit;;;;
218;21;SYG SARL (numerisons.fr);numerisons.fr;19/09/2024;https://docs.google.com/document/d/18vgQ0MZz89vMEbR2vqkbIuWaOZkUjWTEwrWKXuKqrbs/edit?tab=t.0;https://docs.google.com/document/d/18vgQ0MZz89vMEbR2vqkbIuWaOZkUjWTEwrWKXuKqrbs/edit?tab=t.0;https://lookerstudio.google.com/reporting/a437931a-844a-4576-9a04-36dc3547431d;;;
219;20;WRP Production;;18/09/2024;https://docs.google.com/document/d/1qOfqelPirUNyNYGx6Q-T3LBVjA5z_HVAtHgaUPrKS1c/edit?tab=t.0;https://docs.google.com/document/d/1qOfqelPirUNyNYGx6Q-T3LBVjA5z_HVAtHgaUPrKS1c/edit?tab=t.0;;;;
220;18;Amarante (horizonsnomades.fr);horizonsnomades.fr;24/09/2024;https://docs.google.com/document/d/1Oa-EUh5FQR8x98Ru-l6YitjTVgz-pTSlHdPe6U_wARc/edit?tab=t.0;https://docs.google.com/document/d/1Oa-EUh5FQR8x98Ru-l6YitjTVgz-pTSlHdPe6U_wARc/edit?tab=t.0;;;;
221;20;Pierre-Mickael Adam;;26/09/2024;https://docs.google.com/document/d/113PMnb81i1NoM481fJELju96fK0uK5Eq0t1zuWKaY8A/edit?tab=t.0;https://docs.google.com/document/d/113PMnb81i1NoM481fJELju96fK0uK5Eq0t1zuWKaY8A/edit?tab=t.0;;;;
222;21;Manufactura (la-menuiserie-parisienne.com);la-menuiserie-parisienne.com;25/09/2024;https://docs.google.com/document/d/1NP2ZBy5sA1vS3n4_upxtdFhAR6nEljggac0pbQXcqa4/edit?tab=t.0;https://docs.google.com/document/d/1NP2ZBy5sA1vS3n4_upxtdFhAR6nEljggac0pbQXcqa4/edit?tab=t.0;;;;
223;20;Lauralex (lauralexproject.com);lauralexproject.com;26/09/2024;https://docs.google.com/document/d/18bvT4JEcvLqPZHLLVYxU_3jTI4E-a39ZWbk_Ij1WKpA/edit?tab=t.0;https://docs.google.com/document/d/18bvT4JEcvLqPZHLLVYxU_3jTI4E-a39ZWbk_Ij1WKpA/edit?tab=t.0;;;;
224;21;CANNESSERVICES (laruche-services.com);laruche-services.com;30/09/2024;https://docs.google.com/document/d/1cvJVVWHwha619FaHpp-83_8nJ85aBHonXJ17zUeQc-U/edit?tab=t.0;https://docs.google.com/document/d/1cvJVVWHwha619FaHpp-83_8nJ85aBHonXJ17zUeQc-U/edit?tab=t.0;;;;
225;20;Husson Sophie (sophiehussonshiatsu.fr);sophiehussonshiatsu.fr;30/09/2024;https://docs.google.com/document/d/1s4umYdSlywbenSZZPY2-PbrMpBfwpuQ_1q061B3Cv8E/edit?tab=t.0;https://docs.google.com/document/d/1s4umYdSlywbenSZZPY2-PbrMpBfwpuQ_1q061B3Cv8E/edit?tab=t.0;;;;
226;20;Chemakh Sabrina (chemakh-avocat.fr);chemakh-avocat.fr;30/09/2024;https://docs.google.com/document/d/1oKFkuC4WdxWw6uLOSUPo2a6qq33FK9pZdwvUiHHSrvQ/edit?tab=t.0;https://docs.google.com/document/d/1oKFkuC4WdxWw6uLOSUPo2a6qq33FK9pZdwvUiHHSrvQ/edit?tab=t.0;;;;
227;18;Expertimo;;02/10/2024;https://docs.google.com/document/d/1tDN1Z6AINclScX08JyxG99F_YU_ppnw8V4JxpRBKa24/edit?tab=t.0;https://docs.google.com/document/d/1tDN1Z6AINclScX08JyxG99F_YU_ppnw8V4JxpRBKa24/edit?tab=t.0;https://lookerstudio.google.com/reporting/0f639ebb-dd5a-47d7-bda7-de0bbff2ceae;;;
228;18;Service Action Santé;;02/10/2024;https://docs.google.com/document/d/16oO27ZHyEQsR8t-8buzLChmyiQ0iy4gn7KwqozfGTeU/edit?tab=t.0;https://docs.google.com/document/d/16oO27ZHyEQsR8t-8buzLChmyiQ0iy4gn7KwqozfGTeU/edit?tab=t.0;https://lookerstudio.google.com/reporting/cc908405-3324-4754-82db-b86d9d8f365a;;;
229;21;Univan (cavanpourmoi.fr);cavanpourmoi.fr;15/10/2024;https://docs.google.com/document/d/15nS1GxHIxgOeB6qomOnEyPXTHOTOB6YgA_C7VqaKLiI/edit?tab=t.0;https://docs.google.com/document/d/15nS1GxHIxgOeB6qomOnEyPXTHOTOB6YgA_C7VqaKLiI/edit?tab=t.0;https://lookerstudio.google.com/reporting/aacc94f6-fac1-470c-ac43-145b6e6a591c;;;
230;21;AIRTECHNIC;;16/10/2024;https://docs.google.com/document/d/1FqCcQ1QYhDDbJP2TCfmnVUw4B3E20KdnM33r9MXH5Xs/edit?tab=t.0;https://docs.google.com/document/d/1FqCcQ1QYhDDbJP2TCfmnVUw4B3E20KdnM33r9MXH5Xs/edit?tab=t.0;https://lookerstudio.google.com/reporting/bd8aa1e3-849a-46b5-ba27-3089d0fd447b;;;
231;20;Dubois de Montreynaud Catherine (labradorspuitsdechanteins.com);labradorspuitsdechanteins.com;17/10/2024;https://docs.google.com/document/d/1hduaDt8D9xL85_AUYMNhzLnNHtrjXSLFBxlHCvJNY-o/edit?tab=t.0;https://docs.google.com/document/d/1hduaDt8D9xL85_AUYMNhzLnNHtrjXSLFBxlHCvJNY-o/edit?tab=t.0;;;;
232;21;Diego Sammartin (nettoyage-riviera.com);nettoyage-riviera.com;31/10/2024;https://docs.google.com/document/d/16tZ6OZWhTNduCT1m4DGTf3oyIz34QN8XvLtRSgI4Po4/edit?tab=t.0;https://docs.google.com/document/d/16tZ6OZWhTNduCT1m4DGTf3oyIz34QN8XvLtRSgI4Po4/edit?tab=t.0;;;;
233;18;Le Clos Des Sages (residencelesclaies.fr);residencelesclaies.fr;31/10/2024;https://docs.google.com/document/d/1yb2gTowAqK4HW0wIsZJKvrXeFiu2uUOASc4NAzo2_NU/edit?usp=sharing;https://docs.google.com/document/d/1yb2gTowAqK4HW0wIsZJKvrXeFiu2uUOASc4NAzo2_NU/edit?usp=sharing;https://lookerstudio.google.com/reporting/22e63d05-0e6d-43e6-b0b0-b5f5db24bf28;;;
234;21;HOTARU TECH (eventwifi.fr);eventwifi.fr;31/10/2024;https://docs.google.com/document/d/1GLHBGqwguk9_81_tOPptAyIQSy8uBqGZCaoKP0yykaM/edit?tab=t.0;https://docs.google.com/document/d/1GLHBGqwguk9_81_tOPptAyIQSy8uBqGZCaoKP0yykaM/edit?tab=t.0;https://lookerstudio.google.com/reporting/c8fe2cc9-7bfb-4c01-8228-a760e55b28c4;;;
235;20;Rouveau David (nature-or-vegetal.com);nature-or-vegetal.com;05/11/2024;https://docs.google.com/document/d/1RV3DF8uRGyLWF4YxuTz98584DkPi3RqKIF_q4NBR0N0/edit?tab=t.0;https://docs.google.com/document/d/1RV3DF8uRGyLWF4YxuTz98584DkPi3RqKIF_q4NBR0N0/edit?tab=t.0;https://lookerstudio.google.com/reporting/2d4d4509-0a6a-41a3-afc8-478b73c604bd;;;
236;18;GEO Environnement;;06/11/2024;https://docs.google.com/document/d/1KbMKpPC0BPmqvREyK48oYz2fIpdG874i5DtrhhEiqZU/edit?tab=t.0;https://docs.google.com/document/d/1KbMKpPC0BPmqvREyK48oYz2fIpdG874i5DtrhhEiqZU/edit?tab=t.0;;;;
237;20;Repar3D;;06/11/2024;https://docs.google.com/document/d/1ODrJ8gZmxDohcIvdDPeY-kYzfQK3IOjnqTVCCRul2pY/edit?tab=t.0;https://docs.google.com/document/d/1ODrJ8gZmxDohcIvdDPeY-kYzfQK3IOjnqTVCCRul2pY/edit?tab=t.0;https://lookerstudio.google.com/reporting/ffe3b9b4-0cac-4e27-b7fd-d1283d89d92d;;;
238;21;Leave In Time;;06/11/2024;https://docs.google.com/document/d/1SC-OCTXs9yfa824WsKmC-p7VUdjqa8hj37gS8QlJ1Rg/edit?tab=t.0;https://docs.google.com/document/d/1SC-OCTXs9yfa824WsKmC-p7VUdjqa8hj37gS8QlJ1Rg/edit?tab=t.0;https://lookerstudio.google.com/reporting/7ccaf6a6-5e96-46d2-a5de-ec699782ef4b;;;
239;20;READY UP (ma-by-gbr.com);ma-by-gbr.com;07/11/2024;https://docs.google.com/document/d/1uDhNAgxKpOGU38W6QyZOU-Ymn1Vg9Ih4UdFfkjHv_-g/edit?tab=t.0;https://docs.google.com/document/d/1uDhNAgxKpOGU38W6QyZOU-Ymn1Vg9Ih4UdFfkjHv_-g/edit?tab=t.0;;;;
240;18;Acier distribution (cloture-privee.com);cloture-privee.com;12/11/2024;https://docs.google.com/document/d/1ArZHSAf2MajFx1lsCMsJ0J4vlfG6n2KZcqSYIskorKo/edit?usp=sharing;https://docs.google.com/document/d/1ArZHSAf2MajFx1lsCMsJ0J4vlfG6n2KZcqSYIskorKo/edit?usp=sharing;https://lookerstudio.google.com/reporting/41d1a77c-5e78-44de-b8f1-d4a0ef947ad1;;;
241;21;Deco Plafond;;13/11/2024;https://docs.google.com/document/d/1-tC7XdAIV-6jYE_L8rsb_vtsGZKRnEQQsFMtpjrxLZo/edit?tab=t.0;https://docs.google.com/document/d/1-tC7XdAIV-6jYE_L8rsb_vtsGZKRnEQQsFMtpjrxLZo/edit?tab=t.0;https://lookerstudio.google.com/reporting/6a16488b-b804-4c1f-afcf-0054cfe49056;;;
242;18;MS Access;;15/11/2024;https://docs.google.com/document/d/1EmqrGEJqKddDTxb7KhAm3lT_CVv8mKc5tp_D_H9FRqY/edit?tab=t.0;https://docs.google.com/document/d/1EmqrGEJqKddDTxb7KhAm3lT_CVv8mKc5tp_D_H9FRqY/edit?tab=t.0;https://lookerstudio.google.com/reporting/f66917d5-c124-4db8-9a2b-29eaa374b381;;;
243;18;Geo2mo;;14/11/2024;https://docs.google.com/document/d/1-6dVPNvYhLUC3KdtskeutwgX46fK6jRF9JKig1fSWIA/edit?tab=t.0;https://docs.google.com/document/d/1-6dVPNvYhLUC3KdtskeutwgX46fK6jRF9JKig1fSWIA/edit?tab=t.0;https://lookerstudio.google.com/reporting/06b27d53-d735-4533-9c5e-302e9bf3259b;;;
244;18;Love Tonight;;19/11/2024;https://docs.google.com/document/d/1LzlSbElD0Vs22V1sLKEhav1WjV3B7945pIASS-Gd6yU/edit?tab=t.0;https://docs.google.com/document/d/1LzlSbElD0Vs22V1sLKEhav1WjV3B7945pIASS-Gd6yU/edit?tab=t.0;;;;
245;20;Graffitex;;20/11/2024;https://docs.google.com/document/d/1lfTH-6quyLKT6AezITt-02ehYbL_Fgqv7Fhq2_D2ALw/edit?tab=t.0;https://docs.google.com/document/d/1lfTH-6quyLKT6AezITt-02ehYbL_Fgqv7Fhq2_D2ALw/edit?tab=t.0;;;;
246;20;Hernandez Theo (conciergerieblanc.odoo.com);conciergerieblanc.odoo.com;02/12/2024;https://docs.google.com/document/d/1xH74_AqxYvhYox5U2mTRDSn_k2-W3N9DuTRS23Im8KQ/edit?tab=t.0;https://docs.google.com/document/d/1xH74_AqxYvhYox5U2mTRDSn_k2-W3N9DuTRS23Im8KQ/edit?tab=t.0;;;;
247;20;Divine Harmonie;;29/11/2024;https://docs.google.com/document/d/1dLvs217rXWfYohZ6fBleInhE54xQyo7YfWOxzQUNU4c/edit?tab=t.0;https://docs.google.com/document/d/1dLvs217rXWfYohZ6fBleInhE54xQyo7YfWOxzQUNU4c/edit?tab=t.0;https://lookerstudio.google.com/reporting/f6155b5a-adf8-402a-8dd8-a38f681388ad;;;
248;17;Monsieur Bichat (bonjourbichat.fr);bonjourbichat.fr;03/12/2024;https://docs.google.com/document/d/1LfQEMq3OwUXmvrcJ5j_SQOjyyh_7R7qlRyjf02R29XI/edit?usp=sharing;https://docs.google.com/document/d/1LfQEMq3OwUXmvrcJ5j_SQOjyyh_7R7qlRyjf02R29XI/edit?usp=sharing;https://lookerstudio.google.com/reporting/553e3cab-283b-4b58-a8b3-2bed38aec002;;;
249;20;ECI Concept;;06/12/2024;https://docs.google.com/document/d/1F1hGMv03uQsZvcwKS5YIYovoNjfuqaJ53XI2UjFC1ZE/edit?tab=t.0;https://docs.google.com/document/d/1F1hGMv03uQsZvcwKS5YIYovoNjfuqaJ53XI2UjFC1ZE/edit?tab=t.0;;;;
250;20;Marc Lejeune (maisonjamaer.befr);maisonjamaer.befr;10/12/2024;https://docs.google.com/document/d/11_6jlKitR0rlZd4SMcSwcq_jcOHbjPJ7-HMD4U1VL7s/edit?tab=t.0;https://docs.google.com/document/d/11_6jlKitR0rlZd4SMcSwcq_jcOHbjPJ7-HMD4U1VL7s/edit?tab=t.0;;;;
251;20;Rodrigue Mert (tendance-car.fr);tendance-car.fr;10/12/2024;https://docs.google.com/document/d/18opjYsGYV6O1cl5YcPGz0aS9vVe9RDC9SETYzc_T308/edit?tab=t.0;https://docs.google.com/document/d/18opjYsGYV6O1cl5YcPGz0aS9vVe9RDC9SETYzc_T308/edit?tab=t.0;;;;
252;21;Finot Marc Christian (tonbookphoto.com);tonbookphoto.com;10/12/2024;https://docs.google.com/document/d/1f9aUSntvkZNGU5MyP4xV9LYb0b4h6T9bXckas2kcQJk/edit?tab=t.0;https://docs.google.com/document/d/1f9aUSntvkZNGU5MyP4xV9LYb0b4h6T9bXckas2kcQJk/edit?tab=t.0;https://lookerstudio.google.com/reporting/2990fd8e-bc57-4778-8eaa-07ffdc1d4969;;;
253;21;Baudinaud Signaletique (pano-lyon-bron.fr);pano-lyon-bron.fr;10/12/2024;https://docs.google.com/document/d/1hq-IaOLQWV_wfb8i3TPVT5K78lLGkLkUUNeE6SHL8QI/edit?tab=t.0;https://docs.google.com/document/d/1hq-IaOLQWV_wfb8i3TPVT5K78lLGkLkUUNeE6SHL8QI/edit?tab=t.0;;;;
254;21;SARLU KSP (kspeinture06.fr);kspeinture06.fr;11/12/2024;https://docs.google.com/document/d/11oa7Hbn8ODvDy4WZ9j2m41LkpjtkNEqrJRppItHxKlQ/edit?tab=t.0;https://docs.google.com/document/d/11oa7Hbn8ODvDy4WZ9j2m41LkpjtkNEqrJRppItHxKlQ/edit?tab=t.0;;;;
255;20;Skeypper (frenchospitality.com);frenchospitality.com;16/12/2024;https://docs.google.com/document/d/1-nTU0yEhtY3aYXJsK2ofU9dEtMn--UYQJvgx-rL7ULI/edit?tab=t.0;https://docs.google.com/document/d/1-nTU0yEhtY3aYXJsK2ofU9dEtMn--UYQJvgx-rL7ULI/edit?tab=t.0;https://lookerstudio.google.com/reporting/ce5d8f8e-e679-4564-9524-ad3dfd90037e;;;
256;21;Esprit 3D;;17/12/2024;https://docs.google.com/document/d/1LEgky6_ZvLq0UqhZW2_q-Pekflp4w2rJ5Fs0vpL4Np8/edit?tab=t.0;https://docs.google.com/document/d/1LEgky6_ZvLq0UqhZW2_q-Pekflp4w2rJ5Fs0vpL4Np8/edit?tab=t.0;https://lookerstudio.google.com/reporting/f000a319-e539-4a5a-a506-ef9bbf666848;;;
257;21;France Beton Negoce;;18/12/2024;https://docs.google.com/document/d/1jrQedrKbidsMBgaSTgg2xaN2I1NbXNC4q9Q1J5evEVQ/edit?tab=t.0;https://docs.google.com/document/d/1jrQedrKbidsMBgaSTgg2xaN2I1NbXNC4q9Q1J5evEVQ/edit?tab=t.0;;;;
258;21;TOULOUSECOLODGE (toulouse-ecolodge.com);toulouse-ecolodge.com;10/01/2025;https://docs.google.com/document/d/1pmncijrqoCakCFEQ-hyoRPJyJprLzY0DU1gDbXCoM-8/edit?tab=t.0;https://docs.google.com/document/d/1pmncijrqoCakCFEQ-hyoRPJyJprLzY0DU1gDbXCoM-8/edit?tab=t.0;https://lookerstudio.google.com/reporting/26159f28-1db6-467b-910d-97c9b3e9d797;;;
259;21;Blue Sea Detailling (laparisiennedetailing.fr);laparisiennedetailing.fr;10/01/2025;https://docs.google.com/document/d/1B9SLZbDxvGRHASiR1GtVRSRgZCirnRdSn6xrZs68OFE/edit?tab=t.0;https://docs.google.com/document/d/1B9SLZbDxvGRHASiR1GtVRSRgZCirnRdSn6xrZs68OFE/edit?tab=t.0;;;;
260;18;Archytas Conseil (fairlynk.com);fairlynk.com;10/01/2025;https://docs.google.com/document/d/1B9hNuoIflBrgP1-4mYQb9QUF9MPWxNzUM32mmBeO3w0/edit?tab=t.0;https://docs.google.com/document/d/1B9hNuoIflBrgP1-4mYQb9QUF9MPWxNzUM32mmBeO3w0/edit?tab=t.0;https://lookerstudio.google.com/reporting/8234a257-da61-46f2-9eb3-be21c386d682;;;
261;21;SB France Evenement (dj-idf.fr);dj-idf.fr;14/01/2025;https://docs.google.com/document/d/1Qe_AHlVH0KB3ImbIRkkf4ubV0AkOY_Kn3-Z_cNt4Oxs/edit?tab=t.0;https://docs.google.com/document/d/1Qe_AHlVH0KB3ImbIRkkf4ubV0AkOY_Kn3-Z_cNt4Oxs/edit?tab=t.0;;;;
262;21;Egitura Conception;;14/01/2025;https://docs.google.com/document/d/1n7_Yg5v3Yq6e0aGq8nYHwkDdBLVUUvbjaMQ_lxnPTDw/edit?tab=t.0;https://docs.google.com/document/d/1n7_Yg5v3Yq6e0aGq8nYHwkDdBLVUUvbjaMQ_lxnPTDw/edit?tab=t.0;;;;
263;18;Pietrobelli Etienne (formation-hygiene-alimentaire-haccp.fr);formation-hygiene-alimentaire-haccp.fr;15/01/2025;https://docs.google.com/document/d/1bL3s-yPmw6vGa3QeBwpaPKghkKXS_kazKw5yrtu1eS0/edit?usp=sharing;https://docs.google.com/document/d/1bL3s-yPmw6vGa3QeBwpaPKghkKXS_kazKw5yrtu1eS0/edit?usp=sharing;;;;
264;20;Vibrasens Naturo (vsnaturopathie.com);vsnaturopathie.com;16/01/2025;https://docs.google.com/document/d/1h53XUjbd65R7cJNo5NauQ15cTONh5kZUq-jUlj-oMAw/edit?tab=t.0;https://docs.google.com/document/d/1h53XUjbd65R7cJNo5NauQ15cTONh5kZUq-jUlj-oMAw/edit?tab=t.0;;;;
265;18;Bocage Cyrille (equipecuisine.com);equipecuisine.com;17/01/2025;https://docs.google.com/document/d/15jlGqii3XLw-N_WnRzlHs4th4kqGnifx4QTxGxK4Tlw/edit?usp=sharing;https://docs.google.com/document/d/15jlGqii3XLw-N_WnRzlHs4th4kqGnifx4QTxGxK4Tlw/edit?usp=sharing;https://lookerstudio.google.com/reporting/0fe3b952-2458-4288-9919-8f80b27feb80;;;
266;18;Treuil Express (euro-camionnette.fr);euro-camionnette.fr;17/01/2025;http://contexte/;http://contexte/;https://lookerstudio.google.com/reporting/e3ae39e2-5b72-4da3-871d-cebd08e84c14;;;
267;20;Caban Patrycja (decoimage.fr);decoimage.fr;20/01/2025;https://docs.google.com/document/d/1lD-iwzvHlJqIYh4xVUighi4nVZ9hL41NZetxYXcHE7E/edit?tab=t.0;https://docs.google.com/document/d/1lD-iwzvHlJqIYh4xVUighi4nVZ9hL41NZetxYXcHE7E/edit?tab=t.0;;;;
268;21;ARTEP ALLIANCE RENO - TRAVAUX ESPACE PRO (artepcourtage.com);artepcourtage.com;27/01/2025;https://docs.google.com/document/d/14Jow2klRih-MjWOGFjw5LpS-p8IerpTBFngQirhLpo4/edit?usp=sharing;https://docs.google.com/document/d/14Jow2klRih-MjWOGFjw5LpS-p8IerpTBFngQirhLpo4/edit?usp=sharing;;;;
269;20;VTC SUD LOIRE;;24/01/2025;https://docs.google.com/document/d/1Hx5xkMJJYv0_wSugflvbIRSA7J-PaZV_ZgV12CzpJGw/edit?tab=t.0;https://docs.google.com/document/d/1Hx5xkMJJYv0_wSugflvbIRSA7J-PaZV_ZgV12CzpJGw/edit?tab=t.0;;;;
270;20;Calia Maddalena (selini.it);selini.it;24/01/2025;https://docs.google.com/document/d/1QckA8DM1nGBXJheNL_p8vAdoEZvfTxIg4PMal2Z7z7c/edit?tab=t.0;https://docs.google.com/document/d/1QckA8DM1nGBXJheNL_p8vAdoEZvfTxIg4PMal2Z7z7c/edit?tab=t.0;;;;
271;18;LHD Le Havre Seine Developpement;;27/01/2025;https://docs.google.com/document/d/15_KO-XGDiBJufy2kbjlSSuynMqLBdh3-UROxxiya7hY/edit?usp=sharing;https://docs.google.com/document/d/15_KO-XGDiBJufy2kbjlSSuynMqLBdh3-UROxxiya7hY/edit?usp=sharing;https://lookerstudio.google.com/reporting/66d7550d-225d-4804-bc8b-c7aa183a9f3c;;;
272;21;Vanciaventure;;28/01/2025;https://docs.google.com/document/d/1EjKWeKxX1w_nk1pFLSSgcXSdz5bxL-Qc83NFMgDWL14/edit?usp=sharing;https://docs.google.com/document/d/1EjKWeKxX1w_nk1pFLSSgcXSdz5bxL-Qc83NFMgDWL14/edit?usp=sharing;https://lookerstudio.google.com/reporting/c35c1c54-041d-4c29-ab0b-371693ffc355;;;
273;21;Rocle Emmanuel (ferronnerie-rocle.fr);ferronnerie-rocle.fr;27/01/2025;https://docs.google.com/document/d/1p9iRlS41g0fk9FrK7zRLkwlE-0Dx9JUeVCG8hAsDT3c/edit?tab=t.0;https://docs.google.com/document/d/1p9iRlS41g0fk9FrK7zRLkwlE-0Dx9JUeVCG8hAsDT3c/edit?tab=t.0;https://lookerstudio.google.com/reporting/23e16fd9-34e1-424e-80be-1fb22dda56aa;;;
274;20;VIRCOM (mad-moiselletattoo.fr);mad-moiselletattoo.fr;29/01/2025;https://docs.google.com/document/d/1hq_Zeo2aKOCW5e0mKZ_TUm5EyA2QvWjo_cIC6Op7WcA/edit?tab=t.0;https://docs.google.com/document/d/1hq_Zeo2aKOCW5e0mKZ_TUm5EyA2QvWjo_cIC6Op7WcA/edit?tab=t.0;;;;
275;18;Debosscher Luciano (klcouverture.re);klcouverture.re;31/01/2025;https://docs.google.com/document/d/1ThfdJIrUitk4pzf6KabDRu1eaX_5QYishoNZqgxF8n0/edit?usp=sharing;https://docs.google.com/document/d/1ThfdJIrUitk4pzf6KabDRu1eaX_5QYishoNZqgxF8n0/edit?usp=sharing;;;;
276;20;Societe Civile Saint John Perse (ecoles-sjp.fr);ecoles-sjp.fr;03/02/2025;https://docs.google.com/document/d/1nJn0Cotpupu5-peimingA3Xw5UD_cOMG6_dJKfMCW80/edit?tab=t.0;https://docs.google.com/document/d/1nJn0Cotpupu5-peimingA3Xw5UD_cOMG6_dJKfMCW80/edit?tab=t.0;;;;
277;18;Tim Sports (tim-mobilite.fr);tim-mobilite.fr;04/02/2025;https://docs.google.com/document/d/1_tItOIYBfn7rFll-JZdD2djMAPUoPFiMxRMy-C0V64s/edit?tab=t.0;https://docs.google.com/document/d/1_tItOIYBfn7rFll-JZdD2djMAPUoPFiMxRMy-C0V64s/edit?tab=t.0;https://lookerstudio.google.com/reporting/55a912db-80b1-4c9e-8b0f-c0e2b8109702;;;
278;21;Appart Hotel de la Girafe Marseille Est (hotel-lagirafe.com);hotel-lagirafe.com;04/02/2025;https://docs.google.com/document/d/1NlcWcPury-LVaOe0VbZnxQnGxeUV0Rof5cCJubc3mrI/edit?tab=t.0;https://docs.google.com/document/d/1NlcWcPury-LVaOe0VbZnxQnGxeUV0Rof5cCJubc3mrI/edit?tab=t.0;https://lookerstudio.google.com/reporting/7dc404f2-b18d-4ea4-963b-d25949622587;;;
279;17;Agence Taste;;05/02/2025;https://docs.google.com/document/d/1Uccus7hyKJN3qxTwroRxn8YYxpZyVwYbbE_4zO5Mbnw/edit?tab=t.0;https://docs.google.com/document/d/1Uccus7hyKJN3qxTwroRxn8YYxpZyVwYbbE_4zO5Mbnw/edit?tab=t.0;https://lookerstudio.google.com/reporting/7e3f721a-e04b-40b4-ab7d-6eaedfd41a4e;;;
280;20;Groupe Fage;;11/02/2025;https://docs.google.com/document/d/1RKllt1B-rS5e6NLbnROR_sNq9oetfdEa1FyV9u5qGUc/edit?tab=t.0;https://docs.google.com/document/d/1RKllt1B-rS5e6NLbnROR_sNq9oetfdEa1FyV9u5qGUc/edit?tab=t.0;;;;
281;20;Wyb Immersion;;11/02/2025;https://docs.google.com/document/d/14-ufI_QeLmXxpdjnm9l63pOvofGd4b4kPeRNY4l4ojs/edit?tab=t.0;https://docs.google.com/document/d/14-ufI_QeLmXxpdjnm9l63pOvofGd4b4kPeRNY4l4ojs/edit?tab=t.0;;;;
282;18;DECOPAYSAGERE;;13/02/2025;https://docs.google.com/document/d/1J6yL9q0_o9QyLDKpg7n_POPl8GQwjKnQUia-c0u93UY/edit?tab=t.0;https://docs.google.com/document/d/1J6yL9q0_o9QyLDKpg7n_POPl8GQwjKnQUia-c0u93UY/edit?tab=t.0;https://lookerstudio.google.com/reporting/5f748012-e59e-4d60-88ca-4331da46f957;;;
283;20;Agencia Illusion (pascalmontembault.com);pascalmontembault.com;13/02/2025;https://docs.google.com/document/d/1D9xDx3W-rLitFUNMdu0u6mrDNCtEOCdz7wZaRDpnpgQ/edit?tab=t.0;https://docs.google.com/document/d/1D9xDx3W-rLitFUNMdu0u6mrDNCtEOCdz7wZaRDpnpgQ/edit?tab=t.0;https://lookerstudio.google.com/reporting/9449bb03-79e1-4969-b57f-cd0fe150b292;;;
284;20;Bertrand Perret;;14/02/2025;https://docs.google.com/document/d/164RPXcq9h2JMDEba0Gfc-Sl3tzz4HIeuAKKMY4OURKs/edit?tab=t.0;https://docs.google.com/document/d/164RPXcq9h2JMDEba0Gfc-Sl3tzz4HIeuAKKMY4OURKs/edit?tab=t.0;https://lookerstudio.google.com/reporting/7e87a3ef-a5f5-482f-b47c-fed0deed858b;;;
285;18;Archivoiles;;14/02/2025;https://docs.google.com/document/d/1QfzKAn2AVmjvPIzAPvA4ueeEYvrg6OL5NDjpvNVfJQQ/edit?tab=t.0;https://docs.google.com/document/d/1QfzKAn2AVmjvPIzAPvA4ueeEYvrg6OL5NDjpvNVfJQQ/edit?tab=t.0;https://lookerstudio.google.com/reporting/9c6d3fdb-0919-47e3-b0b5-8e2056cdcea3;;;
286;18;Les enchanteurs;;14/02/2025;https://docs.google.com/document/d/1iNkOStQW0thySjAeoboB_L1E3XqwzOXaA1lrCK7JlS4/edit?tab=t.0;https://docs.google.com/document/d/1iNkOStQW0thySjAeoboB_L1E3XqwzOXaA1lrCK7JlS4/edit?tab=t.0;https://lookerstudio.google.com/reporting/d1ec0685-ee4e-4d97-a7d7-d7e870cae6d4;;;
287;18;Les enchanteurs Digital (weareled.fr);weareled.fr;14/02/2025;https://docs.google.com/document/d/1lzYYBtr6d6PZg_Kj4qDVtxscI7xm3ZbHQEsdRZqBPQ0/edit?tab=t.0;https://docs.google.com/document/d/1lzYYBtr6d6PZg_Kj4qDVtxscI7xm3ZbHQEsdRZqBPQ0/edit?tab=t.0;https://lookerstudio.google.com/reporting/8f3ab8d3-af46-48ef-81d0-4e15aca43001;;;
288;18;HYGIATECH D.P.A;;14/02/2025;https://docs.google.com/document/d/1UptaV4JbX2UrMEPtXwIY_o_4keKTAAy2uPaBGX2_wiE/edit?tab=t.0;https://docs.google.com/document/d/1UptaV4JbX2UrMEPtXwIY_o_4keKTAAy2uPaBGX2_wiE/edit?tab=t.0;;;;
289;18;Studio Timeless;;18/02/2025;;;https://lookerstudio.google.com/reporting/accf28c3-ed0c-49c3-8993-d60b438799e2;;;
290;20;Christophe Le Breton (lepetitmoulinrouge.com);lepetitmoulinrouge.com;19/02/2025;https://docs.google.com/document/d/1YudmHW5WTz1tIIs83beNmvcTqbuRHGPBbQ8eqsYhDII/edit?tab=t.0;https://docs.google.com/document/d/1YudmHW5WTz1tIIs83beNmvcTqbuRHGPBbQ8eqsYhDII/edit?tab=t.0;;;;
291;20;Rendez-vous - Amélie Breton (rdvevents.com);rdvevents.com;21/02/2025;https://docs.google.com/document/d/1MZrK-vCnu4Yf_ZIEHXQ5nB6-jz8tF7TLehsnD6kPhkk/edit?tab=t.0;https://docs.google.com/document/d/1MZrK-vCnu4Yf_ZIEHXQ5nB6-jz8tF7TLehsnD6kPhkk/edit?tab=t.0;;;;
292;20;MD SERVICE 3D (rhone.ngan.fr);rhone.ngan.fr;21/02/2025;https://docs.google.com/document/d/1DfRuQCdCLBLJ3vWjZqvXsTBflnPhjqi0fQJMA0nRWzY/edit?tab=t.0;https://docs.google.com/document/d/1DfRuQCdCLBLJ3vWjZqvXsTBflnPhjqi0fQJMA0nRWzY/edit?tab=t.0;;;;
293;20;Valmy (gramacirestaurant.com);gramacirestaurant.com;19/02/2025;https://docs.google.com/document/d/1Bab5-qatO_VE336MRUANiUhYrlDn77geKtAaDKc0gYs/edit?tab=t.0;https://docs.google.com/document/d/1Bab5-qatO_VE336MRUANiUhYrlDn77geKtAaDKc0gYs/edit?tab=t.0;;;;
294;18;Alpine Maçonnerie et Rénovation;;21/02/2025;https://docs.google.com/document/d/1v_LeYw9JzQHMgc5TmFFtFfB6s-YFjbm2g9tkRb_3JhU/edit?tab=t.0;https://docs.google.com/document/d/1v_LeYw9JzQHMgc5TmFFtFfB6s-YFjbm2g9tkRb_3JhU/edit?tab=t.0;;;;
295;18;Hygea Formation Conseil;;24/02/2025;https://docs.google.com/document/d/1DRNPFrD0USgL1T1jYuyLQKuelzom7SDNzpY7GhOVJSM/edit?tab=t.0;https://docs.google.com/document/d/1DRNPFrD0USgL1T1jYuyLQKuelzom7SDNzpY7GhOVJSM/edit?tab=t.0;;;;
296;20;Olivier GERARD (lapetiteredingote.com);lapetiteredingote.com;24/02/2025;https://docs.google.com/document/d/1EOp3o0g4FVatklHOGVYl1cSKN2YlwU2vXRErMoagziQ/edit?tab=t.0;https://docs.google.com/document/d/1EOp3o0g4FVatklHOGVYl1cSKN2YlwU2vXRErMoagziQ/edit?tab=t.0;;;;
297;17;LAPI GROUPE (devis.dommage-ouvrage.com);devis.dommage-ouvrage.com;25/02/2025;https://docs.google.com/document/d/1bWfXW05NKRhnHjeBzsH1CQcQIN21kjQem6eJOh0i8wc/edit?tab=t.0;https://docs.google.com/document/d/1bWfXW05NKRhnHjeBzsH1CQcQIN21kjQem6eJOh0i8wc/edit?tab=t.0;https://lookerstudio.google.com/reporting/44f85db9-2023-43fc-a90b-f46aa417f022;;;
298;18;Visiopole Investigations;;25/02/2025;https://docs.google.com/document/d/1xlkp1B2csReGNrJ31XVOgrPioKQAtzR1W2K94UBVr9M/edit?tab=t.0;https://docs.google.com/document/d/1xlkp1B2csReGNrJ31XVOgrPioKQAtzR1W2K94UBVr9M/edit?tab=t.0;;;;
299;20;Florent GOUVERNEUR (1chefalyon.com);1chefalyon.com;25/02/2025;https://docs.google.com/document/d/1MnphcolR23fuAGvl61Ulxp2m_cwUMHJv4f07k8x_9J4/edit?tab=t.0;https://docs.google.com/document/d/1MnphcolR23fuAGvl61Ulxp2m_cwUMHJv4f07k8x_9J4/edit?tab=t.0;;;;
300;21;Majordhomes;;27/02/2025;;;;;;
301;21;LDH Aubagne (lantre2lames.fr);lantre2lames.fr;28/02/2025;;;https://lookerstudio.google.com/reporting/adff4478-8471-47e1-8123-24062ec9a8ce;;;
302;18;Agence Deldossi Assainissement;;28/02/2025;https://docs.google.com/document/d/1DCDqjWUeYAr80b8ho6ANKZCoPtSRWpI3SHAQwU8rDcw/edit?tab=t.0;https://docs.google.com/document/d/1DCDqjWUeYAr80b8ho6ANKZCoPtSRWpI3SHAQwU8rDcw/edit?tab=t.0;;;;
303;20;Univair Parachutisme (verticalwind.fr);verticalwind.fr;04/03/2025;https://docs.google.com/document/d/1Go1_Qc0I33wx-alJ8Fs1Dg_Q0ldevibqN29kI0ZWNio/edit?tab=t.0;https://docs.google.com/document/d/1Go1_Qc0I33wx-alJ8Fs1Dg_Q0ldevibqN29kI0ZWNio/edit?tab=t.0;;;;
304;18;HYDPOLL;;06/03/2025;;;;;;
305;18;VW SPORTS;;04/03/2025;;;;;;
306;21;Visio Developpement (effisolis.com);effisolis.com;05/03/2025;https://docs.google.com/document/d/1nKkTlmGAhUQfNYqb8W0IsQzv_lcMDAVToBPEzpyeXnQ/edit?tab=t.0;https://docs.google.com/document/d/1nKkTlmGAhUQfNYqb8W0IsQzv_lcMDAVToBPEzpyeXnQ/edit?tab=t.0;https://lookerstudio.google.com/reporting/3f6f098b-1872-44db-9bc7-86fa3276b1b2;;;
307;18;ROUNDHAY (lesolaris.fr);lesolaris.fr;07/03/2025;https://docs.google.com/document/d/1SqfjyaN_wkMuMZB2OhIYJZJRHWhXxD4beP6MWl20o3E/edit?tab=t.0;https://docs.google.com/document/d/1SqfjyaN_wkMuMZB2OhIYJZJRHWhXxD4beP6MWl20o3E/edit?tab=t.0;https://lookerstudio.google.com/reporting/93a93f44-c9ce-4104-9139-325c9f5d02cb;;;
308;21;MLV Transfert;;07/03/2025;;;https://lookerstudio.google.com/reporting/fb358bc9-5827-46ed-b2bb-fe68a22ba998;;;
309;18;Transtekexpress;;10/03/2025;https://docs.google.com/document/d/1_iA1_qtIn_D9eLVMUVZulrYSl6R1OaIbtIIHNH1qnIA/edit?tab=t.0;https://docs.google.com/document/d/1_iA1_qtIn_D9eLVMUVZulrYSl6R1OaIbtIIHNH1qnIA/edit?tab=t.0;https://lookerstudio.google.com/reporting/4e24a892-947c-44e0-a584-90e4a6b914e0;;;
310;20;Tip time is poney (parisantoinette.fr);parisantoinette.fr;10/03/2025;https://docs.google.com/document/d/16PCOtfiGS3rhV_Y4EDnbUXw753KNQfHY3C7TGgUCXhY/edit?tab=t.0;https://docs.google.com/document/d/16PCOtfiGS3rhV_Y4EDnbUXw753KNQfHY3C7TGgUCXhY/edit?tab=t.0;;;;
311;20;RH INDIGO;;10/03/2025;https://docs.google.com/document/d/1fspy-vib8081Xv3zezTbHF8Y9cfPuZg2eFLT7aF5O9o/edit?tab=t.0;https://docs.google.com/document/d/1fspy-vib8081Xv3zezTbHF8Y9cfPuZg2eFLT7aF5O9o/edit?tab=t.0;;;;
312;20;Cerfeuille paysages;;11/03/2025;https://docs.google.com/document/d/1xUNLIyjvZMpsWS7LnXvFlT5kRKWF0uBUVDXHOjEJtmo/edit?tab=t.0;https://docs.google.com/document/d/1xUNLIyjvZMpsWS7LnXvFlT5kRKWF0uBUVDXHOjEJtmo/edit?tab=t.0;;;;
313;21;Ambition Partner;;14/03/2025;;;;;;
314;20;Hausswirth Laetitia (mysweetconciergerie.fr);mysweetconciergerie.fr;13/03/2025;https://docs.google.com/document/d/19C7d98yvKxb23BGb1EOhAqnx20jBq-VO7ljFa73IvQg/edit?tab=t.0;https://docs.google.com/document/d/19C7d98yvKxb23BGb1EOhAqnx20jBq-VO7ljFa73IvQg/edit?tab=t.0;;;;
315;21;Aeriance;;13/03/2025;;;https://lookerstudio.google.com/reporting/8fa56a2a-2d35-49bf-a55a-416d931fcbd7;;;
316;20;Catallo Sonia Anna (lesclesdepaolissa.fr);lesclesdepaolissa.fr;14/03/2025;https://docs.google.com/document/d/1_IIrTU03XrAUv4fc8ZPSQuhsCj66mYkIF3OClpdx408/edit?tab=t.0;https://docs.google.com/document/d/1_IIrTU03XrAUv4fc8ZPSQuhsCj66mYkIF3OClpdx408/edit?tab=t.0;;;;
317;20;J&J Happy Few (location-saisonniere-nice.com);location-saisonniere-nice.com;13/03/2025;;;;;;
318;21;Artem-Prod;;14/03/2025;;;;;;
319;20;OPTIC 2000 PARMENTIER;;14/03/2025;https://docs.google.com/document/d/1gTqw1FR9DoiPP71A-mQYiJ4IvSik483eHm8CXBwzfhQ/edit?tab=t.0;https://docs.google.com/document/d/1gTqw1FR9DoiPP71A-mQYiJ4IvSik483eHm8CXBwzfhQ/edit?tab=t.0;;;;
320;21;Domaine Des Claparedes (provencecottages.com);provencecottages.com;14/03/2025;;;;;;
321;18;La ligne du VTC;;17/03/2025;https://docs.google.com/document/d/1fUXZgqSYal-quXm0VDfaPgDSZ1NBDJ3nWapwaenOjpU/edit?tab=t.0;https://docs.google.com/document/d/1fUXZgqSYal-quXm0VDfaPgDSZ1NBDJ3nWapwaenOjpU/edit?tab=t.0;;;;
322;20;Reflex Travaux (travauxdecoreno.com);travauxdecoreno.com;17/03/2025;https://docs.google.com/document/d/18JIHNYd8pojfzwjx-mGZ33WMhUWgPwdBfNcqN-uYJKM/edit?tab=t.0;https://docs.google.com/document/d/18JIHNYd8pojfzwjx-mGZ33WMhUWgPwdBfNcqN-uYJKM/edit?tab=t.0;;;;
323;20;KS Evenements (pitchounesetconfettis.fr);pitchounesetconfettis.fr;17/03/2025;https://docs.google.com/document/d/1qp_P1kfwDCvQPMzNWFS_CPRfIVw2XJzavlCB_n8dzlQ/edit?usp=sharing;https://docs.google.com/document/d/1qp_P1kfwDCvQPMzNWFS_CPRfIVw2XJzavlCB_n8dzlQ/edit?usp=sharing;;;;
324;20;Betelia Construction;;19/03/2025;https://docs.google.com/document/d/13MG_c7W5uO-NtPwQwjEK6T__rT88myvAEalczuaU5xo/edit?tab=t.0;https://docs.google.com/document/d/13MG_c7W5uO-NtPwQwjEK6T__rT88myvAEalczuaU5xo/edit?tab=t.0;;;;
325;20;A nous de jouer (theatre-d-entreprise.fr);theatre-d-entreprise.fr;20/03/2025;https://docs.google.com/document/d/1XAC5C_mKPMCBIQw0xHGvibb-YgBUBgLkyR-6K7672U0/edit?tab=t.0;https://docs.google.com/document/d/1XAC5C_mKPMCBIQw0xHGvibb-YgBUBgLkyR-6K7672U0/edit?tab=t.0;;;;
326;21;MySelfieBooth Sàrl (myselfiebooth.ch);myselfiebooth.ch;25/03/2025;https://docs.google.com/document/d/18dIz6r0uLSOvLnFy8lrY5ftw_IFr5bAbNtdsjSLxm38/edit?tab=t.0;https://docs.google.com/document/d/18dIz6r0uLSOvLnFy8lrY5ftw_IFr5bAbNtdsjSLxm38/edit?tab=t.0;https://lookerstudio.google.com/reporting/ccbb4e28-fea0-4d35-a1aa-d2016ef0065d;;;
327;18;MEMMI (boutargue-memmi.com);boutargue-memmi.com;24/03/2025;https://docs.google.com/document/d/1PfbuhWPbNTD13vNKB_CNnFGlybxJfaczs_vnczvCL98/edit?tab=t.0;https://docs.google.com/document/d/1PfbuhWPbNTD13vNKB_CNnFGlybxJfaczs_vnczvCL98/edit?tab=t.0;;;;
328;18;Cargo Family;;24/03/2025;https://docs.google.com/document/d/1gw30b_Z_mb-ilglspeS9DLiSkeM43dWgaxYvQDfSAh8/edit?tab=t.0;https://docs.google.com/document/d/1gw30b_Z_mb-ilglspeS9DLiSkeM43dWgaxYvQDfSAh8/edit?tab=t.0;;;;
329;18;KashFlo;;25/03/2025;https://docs.google.com/document/d/1dSay_x96-frLpi_pAYR7sp4zIXL8pIlrXt23yiupiQo/edit?tab=t.0;https://docs.google.com/document/d/1dSay_x96-frLpi_pAYR7sp4zIXL8pIlrXt23yiupiQo/edit?tab=t.0;;;;
330;18;Alexandre Guilmard (equipartners.ch);equipartners.ch;27/03/2025;https://docs.google.com/document/d/13lLshD7mK1nIu2ozccC1f3dIcrDhfHpKGwHDhJmnqjw/edit?tab=t.0;https://docs.google.com/document/d/13lLshD7mK1nIu2ozccC1f3dIcrDhfHpKGwHDhJmnqjw/edit?tab=t.0;;;;
331;21;FG Meca;;27/03/2025;https://docs.google.com/document/d/1sRyZhrh8Z4MfLzE79IDCr6wEwiK1BalXKaS3GtCDMtE/edit?tab=t.0;https://docs.google.com/document/d/1sRyZhrh8Z4MfLzE79IDCr6wEwiK1BalXKaS3GtCDMtE/edit?tab=t.0;;;;
332;18;Centre Logistique de Distribution;;31/03/2025;https://docs.google.com/document/d/1FDi9fgo0i8DzpqQ1qUt1RUEDi-lv2matnvHsHHI5eko/edit?tab=t.0;https://docs.google.com/document/d/1FDi9fgo0i8DzpqQ1qUt1RUEDi-lv2matnvHsHHI5eko/edit?tab=t.0;https://lookerstudio.google.com/reporting/77fd2595-521c-41e2-9086-5ac676bafbc7;;;
333;21;SKY VIBRATION;;31/03/2025;https://docs.google.com/document/d/1SLX44CYLKFXL-KzG1jGDA-SwFvJ3I84dCzewhhAKjzA/edit?tab=t.0;https://docs.google.com/document/d/1SLX44CYLKFXL-KzG1jGDA-SwFvJ3I84dCzewhhAKjzA/edit?tab=t.0;;;;
